received_at_server,timestamp_ms_esp32,status,latency_ms
2026-09-13T23:05:16,237076,OK,34.4
2026-09-13T23:05:21,242683,OK,33.6
2026-09-13T23:05:27,247933,OK,34.0
2026-09-13T23:05:32,253009,OK,33.9
2026-09-13T23:05:37,258095,OK,34.2
2026-09-13T23:05:42,263371,OK,34.4
2026-09-13T23:05:47,268816,OK,33.9
2026-09-13T23:05:52,273892,OK,33.9
2026-09-13T23:05:58,278968,OK,34.3
2026-09-13T23:06:03,284060,OK,34.1
2026-09-13T23:06:08,289140,OK,34.2
2026-09-13T23:06:13,294218,OK,34.3
2026-09-13T23:06:18,299422,OK,34.0
2026-09-13T23:06:23,304659,OK,34.1
2026-09-13T23:06:28,309866,OK,33.9
2026-09-13T23:06:34,314953,OK,35.7
2026-09-13T23:06:39,320031,OK,34.0
2026-09-13T23:06:44,325349,OK,34.1
2026-09-13T23:06:49,330571,OK,34.1
2026-09-13T23:06:54,335648,OK,34.0
2026-09-13T23:06:59,340725,OK,35.3
2026-09-13T23:07:04,345802,OK,33.6
2026-09-13T23:07:12,350941,OK,34.1
2026-09-13T23:07:17,357998,OK,34.2
2026-09-13T23:07:22,363517,OK,33.7
2026-09-13T23:07:28,368615,OK,34.1
2026-09-13T23:07:33,374077,OK,37.0
2026-09-13T23:07:38,379312,OK,34.2
2026-09-13T23:07:43,384389,OK,34.4
2026-09-13T23:07:48,389674,OK,35.6
2026-09-13T23:07:53,394776,OK,35.2
2026-09-13T23:07:59,399909,OK,34.2
2026-09-13T23:08:04,405019,OK,34.0
2026-09-13T23:08:09,410137,OK,35.7
2026-09-13T23:08:14,415265,OK,34.0
2026-09-13T23:08:19,420355,OK,34.3
2026-09-13T23:08:25,425977,OK,36.0
2026-09-13T23:08:30,431419,OK,36.5
2026-09-13T23:08:36,437042,OK,35.7
2026-09-13T23:08:41,442146,OK,36.3
2026-09-13T23:08:46,447226,OK,36.7
2026-09-13T23:08:51,452329,OK,34.1
2026-09-13T23:08:56,457449,OK,34.2
2026-09-13T23:09:01,462568,OK,34.0
2026-09-13T23:09:07,467654,OK,34.0
2026-09-13T23:09:12,473106,OK,34.1
2026-09-13T23:09:17,478347,OK,39.0
2026-09-13T23:09:22,483489,OK,34.0
2026-09-13T23:09:27,488589,OK,35.7
2026-09-13T23:09:32,493806,OK,42.9
2026-09-13T23:09:38,498932,OK,36.7
2026-09-13T23:09:43,504011,OK,36.1
2026-09-13T23:09:48,509451,OK,33.6
2026-09-13T23:09:54,514547,OK,34.1
2026-09-13T23:09:59,520190,OK,33.7
2026-09-13T23:10:04,525920,OK,33.9
2026-09-13T23:10:10,530996,OK,37.0
2026-09-13T23:10:15,536093,OK,34.1
2026-09-13T23:10:20,541172,OK,34.1
2026-09-13T23:10:26,546815,OK,33.8
2026-09-13T23:10:31,552172,OK,34.4
2026-09-13T23:10:36,557368,OK,37.4
2026-09-13T23:10:41,562452,OK,35.2
2026-09-13T23:10:47,567929,OK,34.2
2026-09-13T23:10:52,573342,OK,35.9
2026-09-13T23:10:57,578430,OK,37.4
2026-09-13T23:11:02,583905,OK,38.9
2026-09-13T23:11:08,588989,OK,36.5
2026-09-13T23:11:17,594108,OK,37.0
2026-09-13T23:11:20,601190,OK,42.3
2026-09-13T23:11:25,606276,OK,38.9
2026-09-13T23:11:31,611747,OK,37.5
2026-09-13T23:11:36,617368,OK,41.4
2026-09-13T23:11:41,622617,OK,51.4
2026-09-13T23:11:46,627759,OK,38.2
2026-09-13T23:11:52,632861,OK,34.0
2026-09-13T23:11:57,638564,OK,35.7
2026-09-13T23:12:02,643906,OK,36.6
2026-09-13T23:12:08,648986,OK,34.7
2026-09-13T23:12:13,654073,OK,48.3
2026-09-13T23:12:18,659164,OK,34.0
2026-09-13T23:12:23,664241,OK,39.5
2026-09-13T23:12:28,669324,OK,34.2
2026-09-13T23:12:33,674444,OK,40.3
2026-09-13T23:20:06,4783,OK,41.2
2026-09-13T23:20:06,11830,OK,37.6
2026-09-13T23:20:06,18871,OK,34.2
2026-09-13T23:20:06,25909,OK,34.7
2026-09-13T23:20:06,32947,OK,36.2
2026-09-13T23:20:06,39987,OK,35.6
2026-09-13T23:20:06,47026,OK,34.2
2026-09-13T23:20:06,54064,OK,35.8
2026-09-13T23:20:06,61103,OK,35.1
2026-09-13T23:20:06,68142,OK,34.3
2026-09-13T23:20:06,75180,OK,37.0
2026-09-13T23:20:06,82221,OK,41.0
2026-09-13T23:20:06,89266,OK,37.6
2026-09-13T23:20:06,96307,OK,34.1
2026-09-13T23:20:06,103345,OK,34.1
2026-09-13T23:20:06,110383,OK,34.9
2026-09-13T23:20:06,117422,OK,34.1
2026-09-13T23:20:06,124460,OK,35.8
2026-09-13T23:20:06,131499,OK,34.0
2026-09-13T23:20:06,138537,OK,34.1
2026-09-13T23:20:06,145575,OK,37.1
2026-09-13T23:20:06,152616,OK,36.7
2026-09-13T23:20:06,159656,OK,34.1
2026-09-13T23:20:06,166694,OK,34.7
2026-09-13T23:20:06,173732,OK,34.2
2026-09-13T23:20:06,180770,OK,35.8
2026-09-13T23:20:06,187809,OK,34.2
2026-09-13T23:20:06,194847,OK,35.7
2026-09-13T23:20:06,201886,OK,34.4
2026-09-13T23:20:06,208924,OK,34.2
2026-09-13T23:20:06,215962,OK,34.2
2026-09-13T23:20:06,223000,OK,34.1
2026-09-13T23:20:06,230038,OK,34.2
2026-09-13T23:20:06,350941,OK,34.1
2026-09-13T23:20:06,594108,OK,37.0
2026-09-13T23:20:06,687741,LOST,-1.0
2026-09-13T23:20:06,700841,LOST,-1.0
2026-09-13T23:20:06,713941,LOST,-1.0
2026-09-13T23:20:06,727041,LOST,-1.0
2026-09-13T23:20:06,740141,LOST,-1.0
2026-09-13T23:20:06,753241,LOST,-1.0
2026-09-13T23:20:06,766341,LOST,-1.0
2026-09-13T23:20:06,779482,LOST,-1.0
2026-09-13T23:20:06,792582,LOST,-1.0
2026-09-13T23:20:06,805682,LOST,-1.0
2026-09-13T23:20:06,818782,LOST,-1.0
2026-09-13T23:20:06,831882,LOST,-1.0
2026-09-13T23:20:06,844982,LOST,-1.0
2026-09-13T23:20:06,858082,LOST,-1.0
2026-09-13T23:20:06,871182,LOST,-1.0
2026-09-13T23:20:06,884282,LOST,-1.0
2026-09-13T23:20:06,897382,LOST,-1.0
2026-09-13T23:20:06,910482,LOST,-1.0
2026-09-13T23:20:06,923582,LOST,-1.0
2026-09-13T23:20:06,936682,LOST,-1.0
2026-09-13T23:20:06,949782,LOST,-1.0
2026-09-13T23:20:06,962882,LOST,-1.0
2026-09-13T23:20:06,975982,LOST,-1.0
2026-09-13T23:20:06,989082,LOST,-1.0
2026-09-13T23:20:06,1002182,LOST,-1.0
2026-09-13T23:20:06,1015282,LOST,-1.0
2026-09-13T23:20:06,1028382,LOST,-1.0
2026-09-13T23:20:06,1041482,LOST,-1.0
2026-09-13T23:20:06,1054582,LOST,-1.0
2026-09-13T23:20:06,1067682,LOST,-1.0
2026-09-13T23:20:06,1080782,LOST,-1.0
2026-09-13T23:20:06,1093882,LOST,-1.0
2026-09-13T23:20:06,1106982,LOST,-1.0
2026-09-13T23:20:06,1120085,LOST,-1.0
2026-09-13T23:20:06,1127854,OK,36.5
2026-09-13T23:20:12,1132969,OK,35.4
2026-09-13T23:20:17,1138049,OK,40.6
2026-09-13T23:20:22,1143515,OK,34.2
2026-09-13T23:20:28,1148942,OK,34.0
2026-09-13T23:20:33,1154371,OK,34.0
2026-09-13T23:20:38,1159607,OK,38.3
2026-09-13T23:20:43,1164732,OK,34.8
2026-09-13T23:20:48,1169849,OK,34.2
2026-09-13T23:20:54,1174969,OK,37.5
2026-09-13T23:20:59,1180048,OK,36.7
2026-09-13T23:21:04,1185197,OK,34.0
2026-09-13T23:21:09,1190430,OK,38.1
2026-09-13T23:21:14,1195511,OK,34.0
2026-09-13T23:21:20,1200588,OK,36.6
2026-09-13T23:21:25,1206197,OK,39.3
2026-09-13T23:21:30,1211320,OK,34.1
2026-09-13T23:21:35,1216422,OK,38.4
2026-09-13T23:21:40,1221503,OK,37.1
2026-09-13T23:21:46,1226782,OK,35.7
2026-09-13T23:21:51,1232005,OK,34.2
2026-09-13T23:21:56,1237210,OK,36.3
2026-09-13T23:22:01,1242459,OK,38.3
2026-09-13T23:22:07,1247663,OK,34.2
2026-09-13T23:22:12,1253089,OK,34.3
2026-09-13T23:22:17,1258352,OK,34.3
2026-09-13T23:22:22,1263447,OK,34.0
2026-09-13T23:22:27,1268534,OK,34.0
2026-09-13T23:22:32,1273641,OK,34.1
2026-09-13T23:22:37,1278904,OK,33.9
2026-09-13T23:22:43,1283990,OK,43.1
2026-09-13T23:22:48,1289534,OK,34.2
2026-09-13T23:22:55,1294613,OK,35.7
2026-09-13T23:23:00,1301672,OK,34.0
2026-09-13T23:23:05,1306760,OK,34.0
2026-09-13T23:23:11,1311880,OK,34.3
2026-09-13T23:23:16,1317019,OK,37.4
2026-09-13T23:23:21,1322120,OK,34.2
2026-09-13T23:23:26,1327240,OK,34.1
2026-09-13T23:23:31,1332371,OK,34.7
2026-09-13T23:23:36,1337483,OK,34.1
2026-09-13T23:23:41,1342604,OK,33.2
2026-09-13T23:23:47,1347800,OK,34.2
2026-09-13T23:23:52,1353432,OK,34.1
2026-09-13T23:23:58,1359055,OK,34.1
2026-09-13T23:24:03,1364132,OK,34.2
2026-09-13T23:24:08,1369243,OK,34.8
2026-09-13T23:24:13,1374434,OK,34.1
2026-09-13T23:24:19,1379857,OK,34.0
2026-09-13T23:24:24,1385474,OK,37.3
2026-09-13T23:24:29,1390561,OK,34.2
2026-09-13T23:24:34,1395643,OK,34.0
2026-09-13T23:24:40,1400752,OK,34.1
2026-09-13T23:24:45,1406174,OK,34.2
2026-09-13T23:24:50,1411251,OK,34.2
2026-09-13T23:24:55,1416329,OK,38.2
2026-09-13T23:25:00,1421461,OK,35.9
2026-09-13T23:25:05,1426542,OK,38.7
2026-09-13T23:25:11,1431634,OK,39.1
2026-09-13T23:25:16,1437099,OK,34.3
2026-09-13T23:25:21,1442376,OK,34.1
2026-09-13T23:25:26,1447459,OK,34.1
2026-09-13T23:25:31,1452671,OK,33.9
2026-09-13T23:25:36,1457801,OK,34.0
2026-09-13T23:25:42,1462961,OK,34.1
2026-09-13T23:25:47,1468434,OK,34.1
2026-09-13T23:25:52,1473761,OK,34.3
2026-09-13T23:25:58,1478868,OK,39.5
2026-09-13T23:26:03,1484206,OK,38.6
2026-09-13T23:26:08,1489297,OK,34.1
2026-09-13T23:26:13,1494374,OK,35.5
2026-09-13T23:26:18,1499478,OK,34.1
2026-09-13T23:26:24,1504555,OK,34.2
2026-09-13T23:26:29,1510009,OK,34.1
2026-09-13T23:26:34,1515436,OK,34.0
2026-09-13T23:26:40,1520853,OK,39.7
2026-09-13T23:26:45,1526120,OK,35.4
2026-09-13T23:26:50,1531248,OK,34.2
2026-09-13T23:26:56,1536524,OK,34.4
2026-09-13T23:27:01,1542148,OK,34.2
2026-09-13T23:27:06,1547474,OK,34.0
2026-09-13T23:27:11,1552727,OK,34.2
2026-09-13T23:27:17,1557804,OK,34.2
2026-09-13T23:27:22,1563069,OK,34.9
2026-09-13T23:27:27,1568190,OK,34.1
2026-09-13T23:27:32,1573311,OK,34.2
2026-09-13T23:27:37,1578404,OK,35.3
2026-09-13T23:27:42,1583850,OK,34.0
2026-09-13T23:27:48,1588977,OK,34.1
2026-09-13T23:27:53,1594054,OK,34.1
2026-09-13T23:27:59,1599697,OK,34.2
2026-09-13T23:28:04,1605139,OK,34.1
2026-09-13T23:28:09,1610226,OK,35.7
2026-09-13T23:28:14,1615687,OK,34.0
2026-09-13T23:28:20,1620934,OK,34.0
2026-09-13T23:28:25,1626011,OK,35.8
2026-09-13T23:28:30,1631103,OK,34.5
2026-09-13T23:28:35,1636270,OK,36.7
2026-09-13T23:28:40,1641354,OK,34.4
2026-09-13T23:28:45,1646514,OK,34.1
2026-09-13T23:28:50,1651829,OK,34.0
2026-09-13T23:28:55,1656924,OK,33.9
2026-09-13T23:29:01,1662000,OK,34.0
2026-09-13T23:29:06,1667080,OK,33.7
2026-09-13T23:29:11,1672157,OK,39.2
2026-09-13T23:29:16,1677249,OK,34.3
2026-09-13T23:29:21,1682326,OK,34.4
2026-09-13T23:29:26,1687415,OK,34.0
2026-09-13T23:29:31,1692492,OK,41.4
2026-09-13T23:29:36,1697621,OK,37.7
2026-09-13T23:29:41,1702701,OK,33.9
2026-09-13T23:29:46,1707777,OK,36.2
2026-09-13T23:29:52,1712908,OK,37.6
2026-09-13T23:29:57,1718403,OK,34.2
2026-09-13T23:30:02,1723632,OK,36.5
2026-09-13T23:30:07,1728766,OK,40.4
2026-09-13T23:30:13,1733859,OK,34.1
2026-09-13T23:30:18,1739095,OK,35.4
2026-09-13T23:30:23,1744228,OK,34.0
2026-09-13T23:30:28,1749426,OK,33.8
2026-09-13T23:30:33,1754512,OK,34.1
2026-09-13T23:30:38,1759589,OK,34.2
2026-09-13T23:30:43,1764701,OK,34.0
2026-09-13T23:30:49,1769915,OK,34.9
2026-09-13T23:30:54,1775012,OK,33.8
2026-09-13T23:30:59,1780140,OK,34.3
2026-09-13T23:31:04,1785367,OK,34.2
2026-09-13T23:31:11,1790703,OK,34.2
2026-09-13T23:31:16,1797749,OK,34.1
2026-09-13T23:31:22,1802836,OK,37.6
2026-09-13T23:31:27,1808193,OK,34.4
2026-09-13T23:31:32,1813628,OK,37.8
2026-09-13T23:31:37,1818719,OK,34.1
2026-09-13T23:31:42,1823875,OK,34.1
2026-09-13T23:31:48,1828974,OK,34.0
2026-09-13T23:31:53,1834050,OK,36.9
2026-09-13T23:31:58,1839140,OK,37.5
2026-09-13T23:32:03,1844262,OK,34.1
2026-09-13T23:32:08,1849384,OK,37.6
2026-09-13T23:32:13,1854504,OK,35.7
2026-09-13T23:32:18,1859714,OK,34.2
2026-09-13T23:32:24,1864790,OK,39.2
2026-09-13T23:32:29,1870256,OK,37.5
2026-09-13T23:32:34,1875873,OK,39.9
2026-09-13T23:32:40,1880958,OK,34.7
2026-09-13T23:32:45,1886043,OK,34.2
2026-09-13T23:32:50,1891263,OK,37.2
2026-09-13T23:32:55,1896415,OK,35.1
2026-09-13T23:33:00,1901517,OK,34.3
2026-09-13T23:33:05,1906625,OK,34.1
2026-09-13T23:33:11,1911837,OK,38.7
2026-09-13T23:33:16,1917607,OK,44.2
2026-09-13T23:33:22,1922750,OK,86.3
2026-09-13T23:33:35,1936027,OK,274.0
2026-09-13T23:33:41,1942275,OK,38.5
2026-09-13T23:33:46,1947440,OK,42.9
2026-09-13T23:33:51,1952713,OK,37.9
2026-09-13T23:33:57,1957939,OK,48.0
2026-09-13T23:34:02,1963060,OK,92.3
2026-09-13T23:34:14,1975403,OK,219.6
2026-09-13T23:34:20,1980852,OK,36.5
2026-09-13T23:34:25,1986113,OK,41.6
2026-09-13T23:34:30,1991219,OK,43.1
2026-09-13T23:34:36,1996408,OK,40.6
2026-09-13T23:34:41,2002545,OK,45.0
2026-09-13T23:34:47,2007648,OK,39.6
2026-09-13T23:34:52,2013116,OK,161.5
2026-09-13T23:34:57,2018736,OK,40.5
2026-09-13T23:35:03,2023938,OK,56.3
2026-09-13T23:35:08,2029789,OK,41.4
2026-09-13T23:35:14,2034898,OK,37.3
2026-09-13T23:35:19,2040534,OK,38.3
2026-09-13T23:35:25,2045940,OK,42.8
2026-09-13T23:35:30,2051033,OK,37.5
2026-09-13T23:35:35,2056331,OK,44.3
2026-09-13T23:35:41,2061526,OK,37.6
2026-09-13T23:35:46,2067160,OK,43.4
2026-09-13T23:35:52,2072895,OK,47.1
2026-09-13T23:35:58,2078537,OK,45.9
2026-09-13T23:36:03,2084699,OK,37.4
2026-09-13T23:36:08,2089831,OK,42.8
2026-09-13T23:36:21,2102005,OK,185.4
2026-09-13T23:36:26,2107247,OK,36.5
2026-09-13T23:36:31,2112449,OK,41.8
2026-09-13T23:37:10,2150956,OK,181.7
2026-09-13T23:37:15,2156396,OK,35.0
2026-09-13T23:37:21,2161596,OK,34.3
2026-09-13T23:37:26,2167311,OK,38.0
2026-09-13T23:37:31,2172683,OK,34.4
2026-09-13T23:37:37,2177796,OK,34.2
2026-09-13T23:37:42,2183117,OK,35.3
2026-09-13T23:37:47,2188236,OK,35.0
2026-09-13T23:37:52,2193338,OK,34.5
2026-09-13T23:37:58,2198872,OK,35.6
2026-09-13T23:38:03,2204262,OK,34.2
2026-09-13T23:38:09,2209720,OK,34.3
2026-09-13T23:38:14,2215246,OK,39.3
2026-09-13T23:38:19,2220344,OK,34.8
2026-09-13T23:38:25,2225901,OK,34.3
2026-09-13T23:38:31,2231236,OK,37.8
2026-09-13T23:38:36,2237151,OK,36.8
2026-09-13T23:38:42,2242691,OK,38.3
2026-09-13T23:38:47,2248410,OK,35.6
2026-09-13T23:38:53,2253765,OK,34.8
2026-09-13T23:38:59,2259982,OK,34.3
2026-09-13T23:39:04,2265625,OK,33.9
2026-09-13T23:39:10,2270705,OK,36.7
2026-09-13T23:39:15,2276086,OK,41.0
2026-09-13T23:39:20,2281203,OK,33.7
2026-09-13T23:39:28,2286741,OK,33.9
2026-09-13T23:39:33,2294043,OK,35.9
2026-09-13T23:39:38,2299140,OK,34.4
2026-09-13T23:39:43,2304251,OK,34.4
2026-09-13T23:39:48,2309380,OK,41.0
2026-09-13T23:39:53,2314581,OK,34.3
2026-09-13T23:39:59,2319934,OK,34.3
2026-09-13T23:40:04,2325023,OK,36.2
2026-09-13T23:40:09,2330550,OK,40.2
2026-09-13T23:40:14,2335786,OK,36.4
2026-09-13T23:40:20,2341009,OK,53.8
2026-09-13T23:40:27,2346256,OK,35.1
2026-09-13T23:40:32,2353331,OK,36.2
2026-09-13T23:40:38,2359002,OK,35.3
2026-09-13T23:40:43,2364336,OK,35.3
2026-09-13T23:40:49,2369681,OK,45.8
2026-09-13T23:40:54,2375306,OK,39.2
2026-09-13T23:40:59,2380587,OK,37.1
2026-09-13T23:41:05,2385714,OK,234.4
2026-09-13T23:41:11,2391263,OK,42.8
2026-09-13T23:41:16,2397407,OK,43.2
2026-09-13T23:41:21,2402559,OK,36.2
2026-09-13T23:41:26,2407662,OK,83.4
2026-09-13T23:41:39,2419907,OK,238.5
2026-09-13T23:41:44,2425269,OK,34.4
2026-09-13T23:41:49,2430392,OK,36.9
2026-09-13T23:41:55,2435851,OK,35.4
2026-09-13T23:42:00,2441141,OK,34.4
2026-09-13T23:42:05,2446232,OK,34.4
2026-09-13T23:42:10,2451331,OK,34.5
2026-09-13T23:42:23,2463539,OK,333.6
2026-09-13T23:42:28,2469523,OK,36.0
2026-09-13T23:42:35,2475024,OK,34.3
2026-09-13T23:42:41,2482001,OK,35.4
2026-09-13T23:42:46,2487328,OK,39.3
2026-09-13T23:42:51,2492652,OK,50.5
2026-09-13T23:42:56,2497761,OK,42.3
2026-09-13T23:43:02,2502907,OK,35.8
2026-09-13T23:43:07,2508221,OK,34.3
2026-09-13T23:43:14,2513753,OK,35.9
2026-09-13T23:43:20,2520816,OK,36.8
2026-09-13T23:43:25,2526047,OK,38.1
2026-09-13T23:43:30,2531151,OK,34.9
2026-09-13T23:43:35,2536274,OK,42.8
2026-09-13T23:43:41,2541912,OK,64.1
2026-09-13T23:43:47,2547826,OK,37.6
2026-09-13T23:43:52,2553102,OK,36.4
2026-09-13T23:43:57,2558184,OK,34.6
2026-09-13T23:44:02,2563338,OK,35.6
2026-09-13T23:44:07,2568532,OK,34.9
2026-09-13T23:44:13,2573861,OK,157.1
2026-09-13T23:44:18,2579175,OK,34.3
2026-09-13T23:44:25,2584406,OK,36.6
2026-09-13T23:44:37,2598632,OK,204.5
2026-09-13T23:44:43,2603975,OK,37.3
2026-09-13T23:44:50,2609071,OK,40.2
2026-09-13T23:44:55,2616242,OK,35.0
2026-09-13T23:45:02,2621676,LOST,-1.0
2026-09-13T23:45:07,2628132,OK,65.0
2026-09-13T23:45:12,2633326,OK,76.0
2026-09-13T23:45:20,2638885,OK,35.1
2026-09-13T23:45:25,2645998,OK,43.8
2026-09-13T23:45:32,2651387,OK,37.9
2026-09-13T23:45:37,2658490,OK,34.5
2026-09-13T23:45:42,2663586,OK,34.4
2026-09-13T23:45:50,2668720,OK,34.7
2026-09-13T23:46:02,2682824,OK,189.6
2026-09-13T23:46:07,2688233,OK,46.0
2026-09-13T23:46:17,2693500,OK,47.1
2026-09-13T23:46:20,2700805,OK,183.0
2026-09-13T23:46:25,2706511,OK,43.1
2026-09-13T23:46:38,2719614,OK,259.5
2026-09-13T23:46:44,2724927,OK,35.5
2026-09-13T23:46:49,2730025,OK,34.4
2026-09-13T23:46:57,2735456,OK,40.5
2026-09-13T23:47:11,2750765,OK,675.5
2026-09-13T23:47:16,2757060,OK,34.4
2026-09-13T23:47:39,2769636,LOST,-1.0
2026-09-13T23:47:54,2793887,LOST,-1.0
2026-09-13T23:48:05,2800849,OK,450.6
2026-09-13T23:48:07,2808608,OK,51.9
2026-09-13T23:48:14,2813897,LOST,-1.0
2026-09-13T23:48:19,2820260,OK,119.9
2026-09-13T23:48:27,2825601,OK,38.3
2026-09-13T23:48:33,2832676,OK,83.4
2026-09-13T23:48:38,2839061,OK,45.8
2026-09-13T23:48:43,2844392,OK,39.1
2026-09-13T23:48:48,2849751,OK,39.3
2026-09-13T23:49:10,2870960,OK,42.2
2026-09-13T23:49:19,2876170,OK,36.8
2026-09-13T23:49:22,2883264,OK,36.9
2026-09-13T23:49:27,2888651,OK,40.2
2026-09-13T23:49:33,2893869,OK,38.2
2026-09-13T23:49:39,2899272,OK,453.1
2026-09-13T23:49:45,2905801,OK,75.1
2026-09-13T23:49:50,2911564,OK,38.0
2026-09-13T23:49:56,2916913,OK,43.0
2026-09-13T23:50:01,2922192,OK,197.5
2026-09-13T23:50:07,2927465,OK,38.4
2026-09-13T23:50:22,2941299,LOST,-1.0
2026-09-13T23:50:27,2948771,OK,38.1
2026-09-13T23:50:33,2953986,OK,35.9
2026-09-13T23:50:38,2959159,OK,43.6
2026-09-13T23:50:43,2964259,OK,40.5
2026-09-13T23:50:48,2969563,OK,34.8
2026-09-13T23:50:54,2974952,OK,36.9
2026-09-13T23:50:59,2980483,OK,38.6
2026-09-13T23:51:04,2985641,OK,36.6
2026-09-13T23:51:10,2990837,OK,36.6
2026-09-13T23:51:15,2996182,OK,36.7
2026-09-13T23:51:22,3001405,OK,48.2
2026-09-13T23:51:27,3008497,OK,40.0
2026-09-13T23:51:33,3013978,OK,34.9
2026-09-13T23:51:38,3019252,OK,35.0
2026-09-13T23:51:43,3024335,OK,34.8
2026-09-13T23:51:48,3029455,OK,36.6
2026-09-13T23:51:53,3034546,OK,34.3
2026-09-13T23:51:58,3039624,OK,34.7
2026-09-13T23:52:03,3044711,OK,34.8
2026-09-13T23:52:09,3049924,OK,43.6
2026-09-13T23:52:14,3055534,OK,35.3
2026-09-13T23:52:19,3060613,OK,34.7
2026-09-13T23:52:24,3065734,OK,34.7
2026-09-13T23:52:29,3070830,OK,34.8
2026-09-13T23:52:35,3075972,OK,35.7
2026-09-13T23:52:40,3081064,OK,34.5
2026-09-13T23:52:45,3086275,OK,34.6
2026-09-13T23:52:50,3091367,OK,34.1
2026-09-13T23:52:55,3096657,OK,34.2
2026-09-13T23:53:00,3101748,OK,34.2
2026-09-13T23:53:06,3106868,OK,34.4
2026-09-13T23:53:11,3112030,OK,33.9
2026-09-13T23:53:16,3117501,OK,33.8
2026-09-13T23:53:21,3122739,OK,35.3
2026-09-13T23:53:27,3127817,OK,37.3
2026-09-13T23:53:32,3133561,OK,34.4
2026-09-13T23:53:37,3138658,OK,36.4
2026-09-13T23:53:43,3143818,OK,34.2
2026-09-13T23:53:48,3149246,OK,34.4
2026-09-13T23:53:53,3154483,OK,42.0
2026-09-13T23:53:58,3159616,OK,34.3
2026-09-13T23:54:03,3164725,OK,34.3
2026-09-13T23:54:08,3169845,OK,34.4
2026-09-13T23:54:14,3174922,OK,34.1
2026-09-13T23:54:19,3180376,OK,34.3
2026-09-13T23:54:24,3185633,OK,36.6
2026-09-13T23:54:29,3190735,OK,35.4
2026-09-13T23:54:35,3195936,OK,35.2
2026-09-13T23:54:40,3201015,OK,34.4
2026-09-13T23:54:46,3206678,OK,34.2
2026-09-13T23:54:51,3212410,OK,35.4
2026-09-13T23:54:57,3218049,OK,34.0
2026-09-13T23:55:02,3223297,OK,35.6
2026-09-13T23:55:07,3228376,OK,34.4
2026-09-13T23:55:12,3233494,OK,34.1
2026-09-13T23:55:17,3238611,OK,34.2
2026-09-13T23:55:22,3243698,OK,34.2
2026-09-13T23:55:27,3248797,OK,34.2
2026-09-13T23:55:33,3253917,OK,34.4
2026-09-13T23:55:38,3259038,OK,37.5
2026-09-13T23:55:43,3264257,OK,35.9
2026-09-13T23:55:48,3269381,OK,34.2
2026-09-13T23:55:53,3274500,OK,34.2
2026-09-13T23:55:59,3279588,OK,35.5
2026-09-13T23:56:04,3285030,OK,34.1
2026-09-13T23:56:10,3290647,OK,34.2
2026-09-13T23:56:15,3296099,OK,35.3
2026-09-13T23:56:20,3301217,OK,33.6
2026-09-13T23:56:26,3306623,OK,34.4
2026-09-13T23:56:31,3312257,OK,33.9
2026-09-13T23:56:36,3317516,OK,36.1
2026-09-13T23:56:41,3322599,OK,34.0
2026-09-13T23:56:46,3327749,OK,34.2
2026-09-13T23:56:51,3332908,OK,34.5
2026-09-13T23:56:57,3337991,OK,34.1
2026-09-13T23:57:02,3343070,OK,34.1
2026-09-13T23:57:07,3348319,OK,34.1
2026-09-13T23:57:12,3353405,OK,34.2
2026-09-13T23:57:17,3358482,OK,35.2
2026-09-13T23:57:22,3363580,OK,40.5
2026-09-13T23:57:27,3368663,OK,34.4
2026-09-13T23:57:33,3373931,OK,34.0
2026-09-13T23:57:38,3379012,OK,34.9
2026-09-13T23:57:43,3384652,OK,34.1
2026-09-13T23:57:48,3389729,OK,35.2
2026-09-13T23:57:54,3394812,OK,34.3
2026-09-13T23:57:59,3400072,OK,34.3
2026-09-13T23:58:04,3405166,OK,34.2
2026-09-13T23:58:09,3410367,OK,34.6
2026-09-13T23:58:14,3415484,OK,37.5
2026-09-13T23:58:19,3420726,OK,36.9
2026-09-13T23:58:25,3425888,OK,36.5
2026-09-13T23:58:30,3431171,OK,39.9
2026-09-13T23:58:35,3436381,OK,37.3
2026-09-13T23:58:41,3441996,OK,44.6
2026-09-13T23:58:46,3447083,OK,34.2
2026-09-13T23:58:51,3452167,OK,34.1
2026-09-13T23:58:56,3457287,OK,34.1
2026-09-13T23:59:01,3462364,OK,34.1
2026-09-13T23:59:06,3467456,OK,34.3
2026-09-13T23:59:11,3472543,OK,37.0
2026-09-13T23:59:16,3477696,OK,34.1
2026-09-13T23:59:21,3482785,OK,34.2
2026-09-13T23:59:27,3487907,OK,53.1
2026-09-13T23:59:32,3493139,OK,34.1
2026-09-13T23:59:37,3498348,OK,34.6
2026-09-13T23:59:42,3503563,OK,46.2
2026-09-13T23:59:47,3508915,OK,35.3
2026-09-13T23:59:53,3514001,OK,39.4
2026-09-13T23:59:58,3519348,OK,34.2
2026-09-14T00:00:03,3524510,OK,36.3
2026-09-14T00:00:08,3529600,OK,41.5
2026-09-14T00:00:13,3534712,OK,35.2
2026-09-14T00:00:19,3539820,OK,44.0
2026-09-14T00:00:24,3545082,OK,44.9
2026-09-14T00:00:29,3550407,OK,43.1
2026-09-14T00:00:34,3555625,OK,36.5
2026-09-14T00:00:40,3560944,OK,34.9
2026-09-14T00:00:45,3566035,OK,37.5
2026-09-14T00:00:50,3571155,OK,34.3
2026-09-14T00:00:55,3576406,OK,34.1
2026-09-14T00:01:00,3581512,OK,34.0
2026-09-14T00:01:07,3586618,OK,34.9
2026-09-14T00:01:12,3593258,OK,34.2
2026-09-14T00:01:17,3598354,OK,34.1
2026-09-14T00:01:22,3603825,OK,34.1
2026-09-14T00:01:27,3608901,OK,38.5
2026-09-14T00:01:33,3613986,OK,34.9
2026-09-14T00:01:38,3619080,OK,34.7
2026-09-14T00:01:43,3624202,OK,35.7
2026-09-14T00:01:48,3629341,OK,34.1
2026-09-14T00:01:53,3634440,OK,34.1
2026-09-14T00:01:58,3639560,OK,34.0
2026-09-14T00:02:03,3644680,OK,34.0
2026-09-14T00:02:08,3649801,OK,34.1
2026-09-14T00:02:14,3654920,OK,36.3
2026-09-14T00:02:19,3660119,OK,33.7
2026-09-14T00:02:25,3665743,OK,34.0
2026-09-14T00:02:30,3671185,OK,34.1
2026-09-14T00:02:35,3676262,OK,33.8
2026-09-14T00:02:40,3681338,OK,35.4
2026-09-14T00:02:45,3686416,OK,34.1
2026-09-14T00:02:50,3691880,OK,36.9
2026-09-14T00:02:56,3696980,OK,34.0
2026-09-14T00:03:01,3702427,OK,34.3
2026-09-14T00:03:07,3708035,OK,34.2
2026-09-14T00:03:12,3713287,OK,35.6
2026-09-14T00:03:17,3718486,OK,35.0
2026-09-14T00:03:22,3723735,OK,34.1
2026-09-14T00:03:28,3728947,OK,33.3
2026-09-14T00:03:33,3734023,OK,36.0
2026-09-14T00:03:38,3739101,OK,34.6
2026-09-14T00:03:43,3744179,OK,34.0
2026-09-14T00:03:48,3749815,OK,34.1
2026-09-14T00:03:53,3754891,OK,34.1
2026-09-14T00:03:59,3759989,OK,36.8
2026-09-14T00:04:04,3765103,OK,34.1
2026-09-14T00:04:09,3770224,OK,34.2
2026-09-14T00:04:14,3775293,OK,33.6
2026-09-14T00:04:19,3780389,OK,35.0
2026-09-14T00:04:24,3785482,OK,33.6
2026-09-14T00:04:30,3790560,OK,34.4
2026-09-14T00:04:35,3796202,OK,33.8
2026-09-14T00:04:40,3801454,OK,35.6
2026-09-14T00:04:45,3806566,OK,34.1
2026-09-14T00:04:50,3811817,OK,35.1
2026-09-14T00:04:55,3816919,OK,34.2
2026-09-14T00:05:01,3822010,OK,33.9
2026-09-14T00:05:06,3827117,OK,34.1
2026-09-14T00:05:11,3832570,OK,34.0
2026-09-14T00:05:17,3837996,OK,34.8
2026-09-14T00:05:22,3843614,OK,34.1
2026-09-14T00:05:27,3848690,OK,36.0
2026-09-14T00:05:32,3853783,OK,34.3
2026-09-14T00:05:38,3858903,OK,34.1
2026-09-14T00:05:43,3864023,OK,36.8
2026-09-14T00:05:48,3869144,OK,34.2
2026-09-14T00:05:53,3874263,OK,34.1
2026-09-14T00:05:58,3879393,OK,34.4
2026-09-14T00:06:03,3884503,OK,34.2
2026-09-14T00:06:08,3889624,OK,34.5
2026-09-14T00:06:14,3894829,OK,34.2
2026-09-14T00:06:19,3900155,OK,34.3
2026-09-14T00:06:24,3905771,OK,34.1
2026-09-14T00:06:29,3910848,OK,35.3
2026-09-14T00:06:35,3916111,OK,36.1
2026-09-14T00:06:40,3921195,OK,34.7
2026-09-14T00:06:45,3926293,OK,34.2
2026-09-14T00:06:50,3931403,OK,34.1
2026-09-14T00:06:56,3936483,OK,36.1
2026-09-14T00:07:01,3942124,OK,34.2
2026-09-14T00:07:07,3947756,OK,33.9
2026-09-14T00:07:12,3953198,OK,34.3
2026-09-14T00:07:17,3958815,OK,34.4
2026-09-14T00:07:22,3963892,OK,36.1
2026-09-14T00:07:28,3968984,OK,34.3
2026-09-14T00:07:33,3974194,OK,34.3
2026-09-14T00:07:38,3979807,OK,34.2
2026-09-14T00:07:43,3984884,OK,35.5
2026-09-14T00:07:49,3989979,OK,34.1
2026-09-14T00:07:54,3995097,OK,35.6
2026-09-14T00:07:59,4000217,OK,34.2
2026-09-14T00:08:04,4005349,OK,34.3
2026-09-14T00:08:09,4010432,OK,34.7
2026-09-14T00:08:14,4015510,OK,45.0
2026-09-14T00:08:19,4020787,OK,34.0
2026-09-14T00:08:24,4025896,OK,34.0
2026-09-14T00:08:30,4030984,OK,34.0
2026-09-14T00:08:35,4036141,OK,35.4
2026-09-14T00:08:40,4041219,OK,41.3
2026-09-14T00:08:46,4046884,OK,33.8
2026-09-14T00:08:51,4052011,OK,34.2
2026-09-14T00:08:56,4057532,OK,34.1
2026-09-14T00:09:01,4062617,OK,39.0
2026-09-14T00:09:06,4067699,OK,34.1
2026-09-14T00:09:12,4072859,OK,35.9
2026-09-14T00:09:19,4078522,OK,35.1
2026-09-14T00:09:24,4085743,OK,36.9
2026-09-14T00:09:29,4090843,OK,33.5
2026-09-14T00:09:34,4095923,OK,34.1
2026-09-14T00:09:40,4100993,OK,34.2
2026-09-14T00:09:45,4106161,OK,34.5
2026-09-14T00:09:50,4111252,OK,34.1
2026-09-14T00:09:55,4116343,OK,34.2
2026-09-14T00:10:01,4121551,OK,34.2
2026-09-14T00:10:06,4127163,OK,34.3
2026-09-14T00:10:11,4132795,OK,34.1
2026-09-14T00:10:16,4137863,OK,34.1
2026-09-14T00:10:22,4142964,OK,34.4
2026-09-14T00:10:27,4148084,OK,34.3
2026-09-14T00:10:32,4153245,OK,39.6
2026-09-14T00:10:37,4158328,OK,34.2
2026-09-14T00:10:42,4163444,OK,34.3
2026-09-14T00:10:47,4168566,OK,34.0
2026-09-14T00:10:53,4173647,OK,37.7
2026-09-14T00:10:58,4179285,OK,34.2
2026-09-14T00:11:03,4184917,OK,34.0
2026-09-14T00:11:09,4189983,OK,35.8
2026-09-14T00:11:14,4195061,OK,37.3
2026-09-14T00:11:20,4200142,OK,34.2
2026-09-14T00:11:25,4206227,OK,34.1
2026-09-14T00:11:30,4211317,OK,34.2
2026-09-14T00:11:35,4216397,OK,34.2
2026-09-14T00:11:40,4221506,OK,34.0
2026-09-14T00:11:45,4226588,OK,34.0
2026-09-14T00:11:50,4231669,OK,34.1
2026-09-14T00:11:55,4236764,OK,34.2
2026-09-14T00:12:01,4241893,OK,34.5
2026-09-14T00:12:06,4247024,OK,35.2
2026-09-14T00:12:11,4252124,OK,34.0
2026-09-14T00:12:16,4257244,OK,37.9
2026-09-14T00:12:21,4262456,OK,34.3
2026-09-14T00:12:26,4267687,OK,36.8
2026-09-14T00:12:32,4272899,OK,39.3
2026-09-14T00:12:37,4278232,OK,33.8
2026-09-14T00:12:42,4283308,OK,34.3
2026-09-14T00:12:47,4288607,OK,34.3
2026-09-14T00:12:53,4293684,OK,37.1
2026-09-14T00:12:58,4299109,OK,35.0
2026-09-14T00:13:03,4304190,OK,34.2
2026-09-14T00:13:11,4309847,OK,36.8
2026-09-14T00:13:16,4316932,OK,34.1
2026-09-14T00:13:21,4322051,OK,34.0
2026-09-14T00:13:26,4327284,OK,37.1
2026-09-14T00:13:31,4332446,OK,34.3
2026-09-14T00:13:36,4337729,OK,39.7
2026-09-14T00:13:42,4342823,OK,33.7
2026-09-14T00:13:47,4348452,OK,34.0
2026-09-14T00:13:52,4353784,OK,34.0
2026-09-14T00:13:58,4358860,OK,34.2
2026-09-14T00:14:03,4364036,OK,35.3
2026-09-14T00:14:08,4369459,OK,36.6
2026-09-14T00:14:14,4375077,OK,34.2
2026-09-14T00:14:19,4380328,OK,38.1
2026-09-14T00:14:24,4385450,OK,34.0
2026-09-14T00:14:30,4390532,OK,42.2
2026-09-14T00:14:35,4396170,OK,36.4
2026-09-14T00:14:40,4401423,OK,37.1
2026-09-14T00:14:45,4406575,OK,34.2
2026-09-14T00:14:50,4411664,OK,36.1
2026-09-14T00:14:56,4416744,OK,38.1
2026-09-14T00:15:01,4422385,OK,34.0
2026-09-14T00:15:07,4428018,OK,33.9
2026-09-14T00:15:12,4433098,OK,35.0
2026-09-14T00:15:17,4438176,OK,34.2
2026-09-14T00:15:22,4443785,OK,34.9
2026-09-14T00:15:28,4448892,OK,34.1
2026-09-14T00:15:33,4454269,OK,34.1
2026-09-14T00:15:38,4459357,OK,36.7
2026-09-14T00:15:44,4464984,OK,34.3
2026-09-14T00:15:49,4470069,OK,37.8
2026-09-14T00:15:55,4475736,OK,34.3
2026-09-14T00:16:00,4481369,OK,33.9
2026-09-14T00:16:05,4486518,OK,34.3
2026-09-14T00:16:10,4491640,OK,34.1
2026-09-14T00:16:15,4496760,OK,35.9
2026-09-14T00:16:21,4501849,OK,36.0
2026-09-14T00:16:26,4507291,OK,39.0
2026-09-14T00:16:32,4512908,OK,34.1
2026-09-14T00:16:38,4518540,OK,34.2
2026-09-14T00:16:43,4524172,OK,34.2
2026-09-14T00:16:50,4529249,OK,34.1
2026-09-14T00:16:55,4536294,OK,34.2
2026-09-14T00:17:02,4541407,OK,34.3
2026-09-14T00:17:07,4548497,OK,33.4
2026-09-14T00:17:12,4553592,OK,35.6
2026-09-14T00:17:17,4558813,OK,37.2
2026-09-14T00:17:23,4563893,OK,35.2
2026-09-14T00:17:28,4569236,OK,34.0
2026-09-14T00:17:34,4574671,OK,34.2
2026-09-14T00:17:41,4580288,OK,34.2
2026-09-14T00:17:46,4587509,OK,34.1
2026-09-14T00:17:51,4592608,OK,34.6
2026-09-14T00:17:56,4597757,OK,38.0
2026-09-14T00:18:01,4602848,OK,34.6
2026-09-14T00:18:07,4607968,OK,35.0
2026-09-14T00:18:12,4613088,OK,35.4
2026-09-14T00:18:17,4618156,OK,34.7
2026-09-14T00:18:22,4623285,OK,34.0
2026-09-14T00:18:28,4628929,OK,34.0
2026-09-14T00:18:33,4634560,OK,34.1
2026-09-14T00:18:38,4639813,OK,33.7
2026-09-14T00:18:44,4644889,OK,34.0
2026-09-14T00:18:49,4650156,OK,39.2
2026-09-14T00:18:54,4655378,OK,39.8
2026-09-14T00:18:59,4660499,OK,42.6
2026-09-14T00:19:05,4665620,OK,34.2
2026-09-14T00:19:10,4671120,OK,34.1
2026-09-14T00:19:16,4676750,OK,34.1
2026-09-14T00:19:21,4682382,OK,34.2
2026-09-14T00:19:26,4687509,OK,34.3
2026-09-14T00:19:31,4692586,OK,36.1
2026-09-14T00:19:37,4697711,OK,34.4
2026-09-14T00:19:42,4703097,OK,36.3
2026-09-14T00:19:47,4708298,OK,33.9
2026-09-14T00:19:52,4713541,OK,36.9
2026-09-14T00:19:57,4718664,OK,34.4
2026-09-14T00:20:02,4723783,OK,35.4
2026-09-14T00:20:08,4728861,OK,34.0
2026-09-14T00:20:13,4734105,OK,34.2
2026-09-14T00:20:18,4739726,OK,34.1
2026-09-14T00:20:23,4744824,OK,36.7
2026-09-14T00:20:29,4749907,OK,34.8
2026-09-14T00:20:34,4755016,OK,37.1
2026-09-14T00:20:39,4760137,OK,36.5
2026-09-14T00:20:44,4765286,OK,35.3
2026-09-14T00:20:49,4770376,OK,36.1
2026-09-14T00:20:54,4775496,OK,34.2
2026-09-14T00:20:59,4780616,OK,35.8
2026-09-14T00:21:04,4785736,OK,34.0
2026-09-14T00:21:09,4790858,OK,34.6
2026-09-14T00:21:15,4795935,OK,34.1
2026-09-14T00:21:21,4801577,OK,33.9
2026-09-14T00:21:26,4807209,OK,34.0
2026-09-14T00:21:31,4812841,OK,34.1
2026-09-14T00:21:37,4817920,OK,34.4
2026-09-14T00:21:42,4823010,OK,38.4
2026-09-14T00:21:47,4828131,OK,34.0
2026-09-14T00:21:52,4833299,OK,36.6
2026-09-14T00:21:57,4838853,OK,35.3
2026-09-14T00:22:03,4843946,OK,39.4
2026-09-14T00:22:09,4849603,OK,34.0
2026-09-14T00:22:14,4855045,OK,37.4
2026-09-14T00:22:19,4860472,OK,34.0
2026-09-14T00:22:25,4866090,OK,36.1
2026-09-14T00:22:31,4871824,OK,34.1
2026-09-14T00:22:36,4877266,OK,34.2
2026-09-14T00:22:41,4882503,OK,39.4
2026-09-14T00:22:46,4887716,OK,43.5
2026-09-14T00:22:51,4892849,OK,36.5
2026-09-14T00:22:57,4897968,OK,39.2
2026-09-14T00:23:02,4903080,OK,34.0
2026-09-14T00:23:07,4908690,OK,34.3
2026-09-14T00:23:12,4913767,OK,34.1
2026-09-14T00:23:17,4918857,OK,35.7
2026-09-14T00:23:23,4923936,OK,34.2
2026-09-14T00:23:28,4929388,OK,34.4
2026-09-14T00:23:34,4935005,OK,34.2
2026-09-14T00:23:41,4940082,OK,33.7
2026-09-14T00:23:46,4947155,OK,35.8
2026-09-14T00:23:53,4952240,OK,36.1
2026-09-14T00:23:58,4959338,OK,34.2
2026-09-14T00:24:03,4964432,OK,35.1
2026-09-14T00:24:09,4969522,OK,34.0
2026-09-14T00:24:14,4975147,OK,34.0
2026-09-14T00:24:20,4980779,OK,36.2
2026-09-14T00:24:25,4986211,OK,36.4
2026-09-14T00:24:30,4991558,OK,34.0
2026-09-14T00:24:36,4996655,OK,33.9
2026-09-14T00:24:41,5002283,OK,36.5
2026-09-14T00:24:47,5007725,OK,34.1
2026-09-14T00:24:52,5013342,OK,33.5
2026-09-14T00:24:57,5018428,OK,37.7
2026-09-14T00:25:03,5024094,OK,34.2
2026-09-14T00:25:09,5029537,OK,34.0
2026-09-14T00:25:14,5035154,OK,36.5
2026-09-14T00:25:19,5040406,OK,34.2
2026-09-14T00:25:25,5045485,OK,34.3
2026-09-14T00:25:30,5051128,OK,34.1
2026-09-14T00:25:35,5056211,OK,36.6
2026-09-14T00:25:40,5061297,OK,36.7
2026-09-14T00:25:45,5066418,OK,35.3
2026-09-14T00:25:50,5071538,OK,37.8
2026-09-14T00:25:55,5076658,OK,36.1
2026-09-14T00:26:00,5081737,OK,33.6
2026-09-14T00:26:05,5086823,OK,34.3
2026-09-14T00:26:11,5091996,OK,34.3
2026-09-14T00:26:16,5097233,OK,34.1
2026-09-14T00:26:21,5102314,OK,38.1
2026-09-14T00:26:26,5107458,OK,34.1
2026-09-14T00:26:32,5113081,OK,34.2
2026-09-14T00:26:37,5118343,OK,34.1
2026-09-14T00:26:42,5123446,OK,46.0
2026-09-14T00:26:47,5128574,OK,36.4
2026-09-14T00:26:53,5133783,OK,34.2
2026-09-14T00:26:58,5139398,OK,35.9
2026-09-14T00:27:03,5144650,OK,34.9
2026-09-14T00:27:08,5149727,OK,36.4
2026-09-14T00:27:14,5154993,OK,34.2
2026-09-14T00:27:19,5160115,OK,34.4
2026-09-14T00:27:24,5165265,OK,34.7
2026-09-14T00:27:29,5170432,OK,35.7
2026-09-14T00:27:35,5175868,OK,34.6
2026-09-14T00:27:40,5181113,OK,34.6
2026-09-14T00:27:45,5186200,OK,35.1
2026-09-14T00:27:50,5191279,OK,36.9
2026-09-14T00:27:55,5196364,OK,37.1
2026-09-14T00:28:01,5201864,OK,35.5
2026-09-14T00:28:06,5207495,OK,34.6
2026-09-14T00:28:11,5212747,OK,38.0
2026-09-14T00:28:16,5217879,OK,34.6
2026-09-14T00:28:22,5222989,OK,34.7
2026-09-14T00:28:27,5228191,OK,34.5
2026-09-14T00:28:33,5233812,OK,34.7
2026-09-14T00:28:38,5239445,OK,34.6
2026-09-14T00:28:44,5245076,OK,34.6
2026-09-14T00:28:49,5250518,OK,34.4
2026-09-14T00:28:54,5255625,OK,35.5
2026-09-14T00:29:00,5260965,OK,35.6
2026-09-14T00:29:05,5266391,OK,34.7
2026-09-14T00:29:11,5272008,OK,34.3
2026-09-14T00:29:17,5277640,OK,34.6
2026-09-14T00:29:22,5283082,OK,34.4
2026-09-14T00:29:28,5288509,OK,35.3
2026-09-14T00:29:33,5294126,OK,34.5
2026-09-14T00:29:38,5299224,OK,38.1
2026-09-14T00:29:43,5304469,OK,34.5
2026-09-14T00:29:49,5309560,OK,34.5
2026-09-14T00:29:54,5315221,OK,34.2
2026-09-14T00:29:59,5320663,OK,34.3
2026-09-14T00:30:04,5325798,OK,34.2
2026-09-14T00:30:10,5330919,OK,37.1
2026-09-14T00:30:15,5336129,OK,34.2
2026-09-14T00:30:20,5341743,OK,34.6
2026-09-14T00:30:25,5346822,OK,34.5
2026-09-14T00:30:31,5351942,OK,34.8
2026-09-14T00:30:36,5357032,OK,35.3
2026-09-14T00:30:41,5362152,OK,35.1
2026-09-14T00:30:46,5367282,OK,34.5
2026-09-14T00:30:51,5372392,OK,35.9
2026-09-14T00:30:56,5377514,OK,34.3
2026-09-14T00:31:01,5382591,OK,36.3
2026-09-14T00:31:06,5387853,OK,37.6
2026-09-14T00:31:12,5392976,OK,34.4
2026-09-14T00:31:17,5398085,OK,35.3
2026-09-14T00:31:22,5403696,OK,36.3
2026-09-14T00:31:28,5408804,OK,36.1
2026-09-14T00:31:33,5414448,OK,34.2
2026-09-14T00:31:39,5419980,OK,33.6
2026-09-14T00:31:44,5425089,OK,34.2
2026-09-14T00:31:49,5430730,OK,34.2
2026-09-14T00:31:54,5435808,OK,34.7
2026-09-14T00:32:00,5440885,OK,34.4
2026-09-14T00:32:05,5446149,OK,40.7
2026-09-14T00:32:10,5451241,OK,35.3
2026-09-14T00:32:15,5456361,OK,35.4
2026-09-14T00:32:20,5461429,OK,36.1
2026-09-14T00:32:26,5467082,OK,34.7
2026-09-14T00:32:32,5472714,OK,34.8
2026-09-14T00:32:37,5478346,OK,34.7
2026-09-14T00:32:42,5483889,OK,34.1
2026-09-14T00:32:48,5489005,OK,36.3
2026-09-14T00:32:53,5494628,OK,34.0
2026-09-14T00:32:59,5499960,OK,34.1
2026-09-14T00:33:04,5505377,OK,34.0
2026-09-14T00:33:09,5510493,OK,36.7
2026-09-14T00:33:15,5515942,OK,34.0
2026-09-14T00:33:20,5521158,OK,35.3
2026-09-14T00:33:26,5526782,OK,34.9
2026-09-14T00:33:31,5532516,OK,39.9
2026-09-14T00:33:37,5537858,OK,34.3
2026-09-14T00:33:42,5543093,OK,35.8
2026-09-14T00:33:47,5548215,OK,34.2
2026-09-14T00:33:52,5553335,OK,34.5
2026-09-14T00:33:59,5558446,OK,34.3
2026-09-14T00:34:04,5565295,OK,34.3
2026-09-14T00:34:09,5570382,OK,37.7
2026-09-14T00:34:14,5575657,OK,36.5
2026-09-14T00:34:20,5580766,OK,34.5
2026-09-14T00:34:25,5586379,OK,37.3
2026-09-14T00:34:30,5591489,OK,34.5
2026-09-14T00:34:35,5596751,OK,36.7
2026-09-14T00:34:41,5601830,OK,35.0
2026-09-14T00:34:46,5607304,OK,34.4
2026-09-14T00:34:51,5612422,OK,34.7
2026-09-14T00:34:56,5617531,OK,34.0
2026-09-14T00:35:01,5622861,OK,36.8
2026-09-14T00:35:07,5627985,OK,35.3
2026-09-14T00:35:12,5633108,OK,34.3
2026-09-14T00:35:17,5638184,OK,34.2
2026-09-14T00:35:22,5643447,OK,35.5
2026-09-14T00:35:27,5648525,OK,34.6
2026-09-14T00:35:32,5653602,OK,40.2
2026-09-14T00:35:37,5658715,OK,36.0
2026-09-14T00:35:42,5663833,OK,35.3
2026-09-14T00:35:48,5668948,OK,34.6
2026-09-14T00:35:53,5674025,OK,34.4
2026-09-14T00:35:58,5679288,OK,37.9
2026-09-14T00:36:05,5684409,OK,34.5
2026-09-14T00:36:10,5691464,OK,35.5
2026-09-14T00:36:16,5697075,OK,34.6
2026-09-14T00:36:22,5702707,OK,34.7
2026-09-14T00:36:27,5708149,OK,36.6
2026-09-14T00:36:32,5713229,OK,34.9
2026-09-14T00:36:38,5718992,OK,34.2
2026-09-14T00:36:45,5724621,OK,34.3
2026-09-14T00:36:50,5731851,OK,35.4
2026-09-14T00:36:56,5736941,OK,34.7
2026-09-14T00:37:01,5742061,OK,34.5
2026-09-14T00:37:06,5747138,OK,34.5
2026-09-14T00:37:11,5752225,OK,34.2
2026-09-14T00:37:16,5757328,OK,35.4
2026-09-14T00:37:21,5762438,OK,35.0
2026-09-14T00:37:26,5767558,OK,35.4
2026-09-14T00:37:31,5772636,OK,34.6
2026-09-14T00:37:37,5777783,OK,34.8
2026-09-14T00:37:42,5783209,OK,34.4
2026-09-14T00:37:47,5788826,OK,34.2
2026-09-14T00:37:53,5793956,OK,34.4
2026-09-14T00:37:58,5799578,OK,37.2
2026-09-14T00:38:04,5804696,OK,35.6
2026-09-14T00:38:09,5810051,OK,34.3
2026-09-14T00:38:14,5815132,OK,34.1
2026-09-14T00:38:19,5820224,OK,34.1
2026-09-14T00:38:24,5825313,OK,34.8
2026-09-14T00:38:29,5830434,OK,34.4
2026-09-14T00:38:34,5835558,OK,41.5
2026-09-14T00:38:39,5840682,OK,35.0
2026-09-14T00:38:46,5845793,OK,34.1
2026-09-14T00:38:52,5852894,OK,34.1
2026-09-14T00:38:57,5858060,OK,34.0
2026-09-14T00:39:02,5863302,OK,36.0
2026-09-14T00:39:07,5868424,OK,33.8
2026-09-14T00:39:12,5873544,OK,34.1
2026-09-14T00:39:17,5878664,OK,35.2
2026-09-14T00:39:22,5883743,OK,34.0
2026-09-14T00:39:27,5888820,OK,35.0
2026-09-14T00:39:33,5894002,OK,34.1
2026-09-14T00:39:38,5899119,OK,36.5
2026-09-14T00:39:43,5904198,OK,34.3
2026-09-14T00:39:48,5909272,OK,34.9
2026-09-14T00:39:53,5914882,OK,34.7
2026-09-14T00:39:59,5919959,OK,34.6
2026-09-14T00:40:04,5925051,OK,34.8
2026-09-14T00:40:09,5930261,OK,34.2
2026-09-14T00:40:14,5935504,OK,34.9
2026-09-14T00:40:20,5940696,OK,34.4
2026-09-14T00:40:25,5946229,OK,34.1
2026-09-14T00:40:31,5951849,OK,34.5
2026-09-14T00:40:36,5957191,OK,34.1
2026-09-14T00:40:42,5962806,OK,34.4
2026-09-14T00:40:47,5968438,OK,34.3
2026-09-14T00:40:52,5973720,OK,34.2
2026-09-14T00:40:58,5978797,OK,34.5
2026-09-14T00:41:03,5984122,OK,34.2
2026-09-14T00:41:09,5989737,OK,34.7
2026-09-14T00:41:14,5995369,OK,34.3
2026-09-14T00:41:20,6001001,OK,34.2
2026-09-14T00:41:25,6006221,OK,36.0
2026-09-14T00:41:32,6011856,OK,36.5
2026-09-14T00:41:37,6018418,OK,35.4
2026-09-14T00:41:42,6023672,OK,37.0
2026-09-14T00:41:47,6028751,OK,34.9
2026-09-14T00:41:52,6033829,OK,37.7
2026-09-14T00:41:58,6038949,OK,34.1
2026-09-14T00:42:03,6044025,OK,33.4
2026-09-14T00:42:08,6049251,OK,33.9
2026-09-14T00:42:13,6054328,OK,34.1
2026-09-14T00:42:19,6059984,OK,39.9
2026-09-14T00:42:24,6065616,OK,34.8
2026-09-14T00:42:30,6070869,OK,38.4
2026-09-14T00:42:35,6076371,OK,34.1
2026-09-14T00:42:40,6081451,OK,34.6
2026-09-14T00:42:45,6086539,OK,34.9
2026-09-14T00:42:51,6091650,OK,35.3
2026-09-14T00:42:56,6097259,OK,34.3
2026-09-14T00:43:01,6102386,OK,36.6
2026-09-14T00:43:07,6108011,OK,34.3
2026-09-14T00:43:12,6113263,OK,36.6
2026-09-14T00:43:17,6118384,OK,36.4
2026-09-14T00:43:22,6123585,OK,34.2
2026-09-14T00:43:28,6128692,OK,34.8
2026-09-14T00:43:33,6134328,OK,34.7
2026-09-14T00:43:39,6139960,OK,34.2
2026-09-14T00:43:45,6145592,OK,34.4
2026-09-14T00:43:50,6151224,OK,36.2
2026-09-14T00:43:56,6156856,OK,34.3
2026-09-14T00:44:02,6162108,OK,38.0
2026-09-14T00:44:07,6168442,OK,33.5
2026-09-14T00:44:12,6173548,OK,34.2
2026-09-14T00:44:17,6178625,OK,36.0
2026-09-14T00:44:22,6183716,OK,36.0
2026-09-14T00:44:27,6188838,OK,34.4
2026-09-14T00:44:33,6193957,OK,35.2
2026-09-14T00:44:38,6199035,OK,34.6
2026-09-14T00:44:43,6204487,OK,34.3
2026-09-14T00:44:49,6210112,OK,34.6
2026-09-14T00:44:54,6215231,OK,37.3
2026-09-14T00:44:59,6220667,OK,34.7
2026-09-14T00:45:06,6225744,OK,39.3
2026-09-14T00:45:11,6232236,OK,33.7
2026-09-14T00:45:16,6237313,OK,34.3
2026-09-14T00:45:21,6242392,OK,34.2
2026-09-14T00:45:26,6247513,OK,34.3
2026-09-14T00:45:31,6252590,OK,34.0
2026-09-14T00:45:36,6257667,OK,36.6
2026-09-14T00:45:41,6262771,OK,34.3
2026-09-14T00:45:47,6267890,OK,35.2
2026-09-14T00:45:52,6273016,OK,34.2
2026-09-14T00:45:57,6278092,OK,34.3
2026-09-14T00:46:02,6283541,OK,34.3
2026-09-14T00:46:07,6288618,OK,34.1
2026-09-14T00:46:13,6293998,OK,34.1
2026-09-14T00:46:18,6299123,OK,34.7
2026-09-14T00:46:23,6304200,OK,34.3
2026-09-14T00:46:29,6309843,OK,34.0
2026-09-14T00:46:34,6315475,OK,34.1
2026-09-14T00:46:40,6320730,OK,35.4
2026-09-14T00:46:45,6326433,OK,34.3
2026-09-14T00:46:51,6332064,OK,34.3
2026-09-14T00:46:56,6337141,OK,34.2
2026-09-14T00:47:01,6342218,OK,35.2
2026-09-14T00:47:06,6347454,OK,34.0
2026-09-14T00:47:12,6352530,OK,34.1
2026-09-14T00:47:17,6358177,OK,34.2
2026-09-14T00:47:22,6363618,OK,36.6
2026-09-14T00:47:28,6368847,OK,34.1
2026-09-14T00:47:33,6374766,OK,33.9
2026-09-14T00:47:39,6379882,OK,34.1
2026-09-14T00:47:44,6385019,OK,34.3
2026-09-14T00:47:49,6390268,OK,34.6
2026-09-14T00:47:54,6395379,OK,34.2
2026-09-14T00:47:59,6400456,OK,34.2
2026-09-14T00:48:05,6406102,OK,34.3
2026-09-14T00:48:11,6411734,OK,34.2
2026-09-14T00:48:16,6417365,OK,34.1
2026-09-14T00:48:21,6422617,OK,36.0
2026-09-14T00:48:27,6427826,OK,37.0
2026-09-14T00:48:32,6433441,OK,34.5
2026-09-14T00:48:38,6438552,OK,34.1
2026-09-14T00:48:43,6444194,OK,35.4
2026-09-14T00:48:49,6449826,OK,34.3
2026-09-14T00:48:54,6455070,OK,34.3
2026-09-14T00:49:00,6460682,OK,34.1
2026-09-14T00:49:05,6466314,OK,34.4
2026-09-14T00:49:11,6471944,OK,34.9
2026-09-14T00:49:16,6477022,OK,35.8
2026-09-14T00:49:21,6482195,OK,37.2
2026-09-14T00:49:27,6487627,OK,34.5
2026-09-14T00:49:32,6493244,OK,36.0
2026-09-14T00:49:38,6498876,OK,34.6
2026-09-14T00:49:43,6504318,OK,34.0
2026-09-14T00:49:48,6509937,OK,34.4
2026-09-14T00:49:54,6515014,OK,34.4
2026-09-14T00:49:59,6520184,OK,37.1
2026-09-14T00:50:04,6525291,OK,34.4
2026-09-14T00:50:09,6530547,OK,34.5
2026-09-14T00:50:14,6535669,OK,35.4
2026-09-14T00:50:19,6540790,OK,34.7
2026-09-14T00:50:25,6545909,OK,36.3
2026-09-14T00:50:30,6551029,OK,35.6
2026-09-14T00:50:35,6556149,OK,36.8
2026-09-14T00:50:40,6561301,OK,34.7
2026-09-14T00:50:46,6566973,OK,34.5
2026-09-14T00:50:51,6572051,OK,34.6
2026-09-14T00:50:56,6577164,OK,35.3
2026-09-14T00:51:03,6582272,OK,34.2
2026-09-14T00:51:08,6589365,OK,34.0
2026-09-14T00:51:13,6594447,OK,35.1
2026-09-14T00:51:18,6599579,OK,34.1
2026-09-14T00:51:24,6604658,OK,34.2
2026-09-14T00:51:29,6610098,OK,34.3
2026-09-14T00:51:35,6615716,OK,34.6
2026-09-14T00:51:40,6621167,OK,34.2
2026-09-14T00:51:45,6626595,OK,34.0
2026-09-14T00:51:51,6631671,OK,40.0
2026-09-14T00:51:56,6637222,OK,34.1
2026-09-14T00:52:01,6642324,OK,34.4
2026-09-14T00:52:07,6647971,OK,34.8
2026-09-14T00:52:12,6653048,OK,35.3
2026-09-14T00:52:17,6658115,OK,36.1
2026-09-14T00:52:22,6663362,OK,34.2
2026-09-14T00:52:27,6668584,OK,34.6
2026-09-14T00:52:32,6673706,OK,36.1
2026-09-14T00:52:37,6678857,OK,34.1
2026-09-14T00:52:43,6683966,OK,41.5
2026-09-14T00:52:48,6689050,OK,35.9
2026-09-14T00:52:53,6694287,OK,34.1
2026-09-14T00:52:58,6699418,OK,34.9
2026-09-14T00:53:03,6704530,OK,34.2
2026-09-14T00:53:08,6709729,OK,36.7
2026-09-14T00:53:13,6714809,OK,34.1
2026-09-14T00:53:19,6719989,OK,34.1
2026-09-14T00:53:24,6725192,OK,36.4
2026-09-14T00:53:29,6730634,OK,38.0
2026-09-14T00:53:35,6735855,OK,34.8
2026-09-14T00:53:40,6741274,OK,34.2
2026-09-14T00:53:45,6746891,OK,33.9
2026-09-14T00:53:51,6751977,OK,34.3
2026-09-14T00:53:56,6757062,OK,35.0
2026-09-14T00:54:01,6762139,OK,35.5
2026-09-14T00:54:07,6767591,OK,34.2
2026-09-14T00:54:12,6773208,OK,34.3
2026-09-14T00:54:17,6778610,OK,35.2
2026-09-14T00:54:22,6783786,OK,36.5
2026-09-14T00:54:28,6788907,OK,34.2
2026-09-14T00:54:33,6794022,OK,36.6
2026-09-14T00:54:38,6799147,OK,35.3
2026-09-14T00:54:43,6804297,OK,34.2
2026-09-14T00:54:48,6809388,OK,41.1
2026-09-14T00:54:53,6814508,OK,34.5
2026-09-14T00:54:58,6819659,OK,34.1
2026-09-14T00:55:03,6824748,OK,34.7
2026-09-14T00:55:09,6829868,OK,37.5
2026-09-14T00:55:14,6835076,OK,34.0
2026-09-14T00:55:20,6840690,OK,34.6
2026-09-14T00:55:25,6846223,OK,33.7
2026-09-14T00:55:31,6851853,OK,34.3
2026-09-14T00:55:37,6857488,OK,33.7
2026-09-14T00:55:42,6863117,OK,34.1
2026-09-14T00:55:47,6868749,OK,34.1
2026-09-14T00:55:53,6873857,OK,34.9
2026-09-14T00:55:59,6879501,OK,33.9
2026-09-14T00:56:04,6885134,OK,34.1
2026-09-14T00:56:09,6890575,OK,38.9
2026-09-14T00:56:15,6895796,OK,35.1
2026-09-14T00:56:20,6901414,OK,34.3
2026-09-14T00:56:26,6906857,OK,33.9
2026-09-14T00:56:31,6912476,OK,34.0
2026-09-14T00:56:37,6918106,OK,34.2
2026-09-14T00:56:42,6923183,OK,34.4
2026-09-14T00:56:47,6928275,OK,35.6
2026-09-14T00:56:52,6933395,OK,36.5
2026-09-14T00:56:57,6938515,OK,36.2
2026-09-14T00:57:04,6943637,OK,34.5
2026-09-14T00:57:09,6950735,OK,35.2
2026-09-14T00:57:15,6955911,OK,34.0
2026-09-14T00:57:20,6961318,OK,35.0
2026-09-14T00:57:26,6966951,OK,35.3
2026-09-14T00:57:31,6972406,OK,37.6
2026-09-14T00:57:36,6977580,OK,37.1
2026-09-14T00:57:41,6982854,OK,38.1
2026-09-14T00:57:47,6987976,OK,35.2
2026-09-14T00:57:52,6993184,OK,34.2
2026-09-14T00:57:58,6998798,OK,34.2
2026-09-14T00:58:03,7004430,OK,34.1
2026-09-14T00:58:09,7010062,OK,34.2
2026-09-14T00:58:14,7015129,OK,36.2
2026-09-14T00:58:19,7020232,OK,34.0
2026-09-14T00:58:24,7025352,OK,34.1
2026-09-14T00:58:29,7030473,OK,34.1
2026-09-14T00:58:34,7035590,OK,38.4
2026-09-14T00:58:39,7040671,OK,37.3
2026-09-14T00:58:45,7045932,OK,34.3
2026-09-14T00:58:50,7051054,OK,35.4
2026-09-14T00:58:55,7056199,OK,36.4
2026-09-14T00:59:00,7061384,OK,46.7
2026-09-14T00:59:05,7066517,OK,35.1
2026-09-14T00:59:10,7071637,OK,35.4
2026-09-14T00:59:15,7076786,OK,34.8
2026-09-14T00:59:20,7081877,OK,35.4
2026-09-14T00:59:26,7086996,OK,34.0
2026-09-14T00:59:31,7092083,OK,36.2
2026-09-14T00:59:36,7097222,OK,34.5
2026-09-14T00:59:41,7102322,OK,34.2
2026-09-14T00:59:46,7107407,OK,34.0
2026-09-14T00:59:51,7112483,OK,34.1
2026-09-14T00:59:56,7117716,OK,38.5
2026-09-14T01:00:03,7122839,OK,34.3
2026-09-14T01:00:09,7129926,OK,34.6
2026-09-14T01:00:14,7135104,OK,35.3
2026-09-14T01:00:20,7140729,OK,33.8
2026-09-14T01:00:25,7146358,OK,42.7
2026-09-14T01:00:31,7151803,OK,34.1
2026-09-14T01:00:36,7157038,OK,37.8
2026-09-14T01:00:41,7162166,OK,34.2
2026-09-14T01:00:46,7167280,OK,34.8
2026-09-14T01:00:51,7172400,OK,35.1
2026-09-14T01:00:56,7177623,OK,34.2
2026-09-14T01:01:01,7182745,OK,34.2
2026-09-14T01:01:06,7187862,OK,35.3
2026-09-14T01:01:12,7192985,OK,34.2
2026-09-14T01:01:17,7198105,OK,34.2
2026-09-14T01:01:22,7203505,OK,34.9
2026-09-14T01:01:27,7208734,OK,34.1
2026-09-14T01:01:33,7213973,OK,38.3
2026-09-14T01:01:38,7219107,OK,34.3
2026-09-14T01:01:43,7224227,OK,34.3
2026-09-14T01:01:48,7229336,OK,34.2
2026-09-14T01:01:53,7234495,OK,34.1
2026-09-14T01:01:59,7239968,OK,33.9
2026-09-14T01:02:04,7245585,OK,34.0
2026-09-14T01:02:09,7250662,OK,34.3
2026-09-14T01:02:14,7255754,OK,35.3
2026-09-14T01:02:19,7260877,OK,34.2
2026-09-14T01:02:25,7265997,OK,33.4
2026-09-14T01:02:30,7271114,OK,35.3
2026-09-14T01:02:36,7276234,OK,36.2
2026-09-14T01:02:41,7282153,OK,35.7
2026-09-14T01:02:47,7287774,OK,34.3
2026-09-14T01:02:52,7293406,OK,34.1
2026-09-14T01:02:58,7298938,OK,34.1
2026-09-14T01:03:03,7304578,OK,34.0
2026-09-14T01:03:08,7309830,OK,45.7
2026-09-14T01:03:14,7314943,OK,34.2
2026-09-14T01:03:19,7320071,OK,35.4
2026-09-14T01:03:24,7325188,OK,36.5
2026-09-14T01:03:29,7330387,OK,34.5
2026-09-14T01:03:34,7335504,OK,34.2
2026-09-14T01:03:39,7340583,OK,34.7
2026-09-14T01:03:44,7345865,OK,34.8
2026-09-14T01:03:50,7350988,OK,34.5
2026-09-14T01:03:55,7356107,OK,34.7
2026-09-14T01:04:00,7361184,OK,35.4
2026-09-14T01:04:05,7366272,OK,35.1
2026-09-14T01:04:10,7371378,OK,34.0
2026-09-14T01:04:15,7376485,OK,35.5
2026-09-14T01:04:20,7381609,OK,34.2
2026-09-14T01:04:25,7386729,OK,34.2
2026-09-14T01:04:31,7391849,OK,34.0
2026-09-14T01:04:36,7397048,OK,38.1
2026-09-14T01:04:41,7402129,OK,36.8
2026-09-14T01:04:47,7407788,OK,34.8
2026-09-14T01:04:52,7413230,OK,37.3
2026-09-14T01:04:57,7418468,OK,34.2
2026-09-14T01:05:02,7423593,OK,34.2
2026-09-14T01:05:07,7428713,OK,35.1
2026-09-14T01:05:13,7433791,OK,34.5
2026-09-14T01:05:18,7439240,OK,35.2
2026-09-14T01:05:24,7444668,OK,34.5
2026-09-14T01:05:29,7450091,OK,38.9
2026-09-14T01:05:34,7455333,OK,34.0
2026-09-14T01:05:39,7460657,OK,34.1
2026-09-14T01:05:44,7465734,OK,34.1
2026-09-14T01:05:50,7471009,OK,34.1
2026-09-14T01:05:55,7476122,OK,34.1
2026-09-14T01:06:00,7481342,OK,34.3
2026-09-14T01:06:05,7486466,OK,34.3
2026-09-14T01:06:10,7491543,OK,34.4
2026-09-14T01:06:15,7496628,OK,36.2
2026-09-14T01:06:21,7501707,OK,34.1
2026-09-14T01:06:26,7507322,OK,34.5
2026-09-14T01:06:32,7512774,OK,34.0
2026-09-14T01:06:37,7518282,OK,33.6
2026-09-14T01:06:42,7523419,OK,34.3
2026-09-14T01:06:47,7528669,OK,35.0
2026-09-14T01:06:53,7533748,OK,35.3
2026-09-14T01:06:58,7539374,OK,34.1
2026-09-14T01:07:03,7544646,OK,35.6
2026-09-14T01:07:08,7549724,OK,33.7
2026-09-14T01:07:14,7554805,OK,34.6
2026-09-14T01:07:19,7560101,OK,34.9
2026-09-14T01:07:26,7565211,OK,34.3
2026-09-14T01:07:31,7572300,OK,34.8
2026-09-14T01:07:36,7577396,OK,34.6
2026-09-14T01:07:41,7582481,OK,34.1
2026-09-14T01:07:46,7587737,OK,34.2
2026-09-14T01:07:52,7592949,OK,34.4
2026-09-14T01:07:57,7598182,OK,34.7
2026-09-14T01:08:02,7603394,OK,34.6
2026-09-14T01:08:07,7608627,OK,33.9
2026-09-14T01:08:12,7613704,OK,34.5
2026-09-14T01:08:18,7618969,OK,34.1
2026-09-14T01:08:23,7624212,OK,35.3
2026-09-14T01:08:28,7629313,OK,34.2
2026-09-14T01:08:33,7634434,OK,34.0
2026-09-14T01:08:38,7639553,OK,34.1
2026-09-14T01:08:43,7644684,OK,35.9
2026-09-14T01:08:48,7649794,OK,34.3
2026-09-14T01:08:54,7654913,OK,34.3
2026-09-14T01:08:59,7660034,OK,34.1
2026-09-14T01:09:04,7665154,OK,34.2
2026-09-14T01:09:09,7670365,OK,34.4
2026-09-14T01:09:15,7675981,OK,34.3
2026-09-14T01:09:20,7681229,OK,33.6
2026-09-14T01:09:25,7686351,OK,34.2
2026-09-14T01:09:30,7691471,OK,34.3
2026-09-14T01:09:36,7696631,OK,34.2
2026-09-14T01:09:41,7702294,OK,34.0
2026-09-14T01:09:47,7707736,OK,34.2
2026-09-14T01:09:52,7713353,OK,33.9
2026-09-14T01:09:58,7718986,OK,34.0
2026-09-14T01:10:04,7724617,OK,36.2
2026-09-14T01:10:11,7730250,OK,35.8
2026-09-14T01:10:16,7737480,OK,34.2
2026-09-14T01:10:21,7742569,OK,34.1
2026-09-14T01:10:26,7747689,OK,34.0
2026-09-14T01:10:32,7752766,OK,34.2
2026-09-14T01:10:37,7758410,OK,35.4
2026-09-14T01:10:42,7763564,OK,35.9
2026-09-14T01:10:47,7768632,OK,38.0
2026-09-14T01:10:53,7773742,OK,37.6
2026-09-14T01:10:58,7779402,OK,34.6
2026-09-14T01:11:03,7784694,OK,34.2
2026-09-14T01:11:08,7789776,OK,34.0
2026-09-14T01:11:14,7794853,OK,34.2
2026-09-14T01:11:19,7800497,OK,35.1
2026-09-14T01:11:26,7805576,OK,34.9
2026-09-14T01:11:31,7812648,OK,34.5
2026-09-14T01:11:36,7817732,OK,38.1
2026-09-14T01:11:41,7822852,OK,37.2
2026-09-14T01:11:47,7827972,OK,34.2
2026-09-14T01:11:54,7833092,OK,33.9
2026-09-14T01:11:59,7840194,OK,34.1
2026-09-14T01:12:04,7845268,OK,34.1
2026-09-14T01:12:09,7850878,OK,34.3
2026-09-14T01:12:15,7855954,OK,34.0
2026-09-14T01:12:20,7861132,OK,34.9
2026-09-14T01:12:26,7866750,OK,35.3
2026-09-14T01:12:31,7872383,OK,34.6
2026-09-14T01:12:36,7877634,OK,34.4
2026-09-14T01:12:41,7882766,OK,34.1
2026-09-14T01:12:46,7887887,OK,34.2
2026-09-14T01:12:52,7893016,OK,34.2
2026-09-14T01:12:57,7898117,OK,34.3
2026-09-14T01:13:02,7903327,OK,34.1
2026-09-14T01:13:08,7908940,OK,34.0
2026-09-14T01:13:13,7914017,OK,34.2
2026-09-14T01:13:18,7919109,OK,37.5
2026-09-14T01:13:23,7924239,OK,34.1
2026-09-14T01:13:28,7929349,OK,36.0
2026-09-14T01:13:34,7934882,OK,34.2
2026-09-14T01:13:39,7940079,OK,34.3
2026-09-14T01:13:44,7945163,OK,36.1
2026-09-14T01:13:49,7950822,OK,35.4
2026-09-14T01:13:54,7955901,OK,35.4
2026-09-14T01:14:00,7960992,OK,34.1
2026-09-14T01:14:05,7966111,OK,36.5
2026-09-14T01:14:10,7971312,OK,34.0
2026-09-14T01:14:15,7976398,OK,34.3
2026-09-14T01:14:21,7982054,OK,34.6
2026-09-14T01:14:26,7987506,OK,34.1
2026-09-14T01:14:31,7992743,OK,34.2
2026-09-14T01:14:36,7997895,OK,36.7
2026-09-14T01:14:42,8002985,OK,34.9
2026-09-14T01:14:47,8008096,OK,33.5
2026-09-14T01:14:52,8013172,OK,34.2
2026-09-14T01:14:58,8018626,OK,38.5
2026-09-14T01:15:03,8024253,OK,34.3
2026-09-14T01:15:08,8029366,OK,33.8
2026-09-14T01:15:14,8034806,OK,38.0
2026-09-14T01:15:19,8040063,OK,36.5
2026-09-14T01:15:26,8045165,OK,34.8
2026-09-14T01:15:31,8052263,OK,34.2
2026-09-14T01:15:36,8057351,OK,35.3
2026-09-14T01:15:41,8062476,OK,34.1
2026-09-14T01:15:46,8067591,OK,35.8
2026-09-14T01:15:51,8072711,OK,34.7
2026-09-14T01:15:57,8077821,OK,34.1
2026-09-14T01:16:02,8083431,OK,34.1
2026-09-14T01:16:07,8088683,OK,33.5
2026-09-14T01:16:13,8093760,OK,34.2
2026-09-14T01:16:18,8099026,OK,34.0
2026-09-14T01:16:23,8104238,OK,34.8
2026-09-14T01:16:29,8109853,OK,38.6
2026-09-14T01:16:34,8115483,OK,36.1
2026-09-14T01:16:39,8120563,OK,34.5
2026-09-14T01:16:45,8125640,OK,34.1
2026-09-14T01:16:50,8131355,OK,34.5
2026-09-14T01:16:56,8136987,OK,34.0
2026-09-14T01:17:01,8142429,OK,34.1
2026-09-14T01:17:06,8147675,OK,35.3
2026-09-14T01:17:12,8152754,OK,34.2
2026-09-14T01:17:17,8158388,OK,34.2
2026-09-14T01:17:23,8163732,OK,36.4
2026-09-14T01:17:28,8169142,OK,34.1
2026-09-14T01:17:34,8174773,OK,34.1
2026-09-14T01:17:40,8180405,OK,34.3
2026-09-14T01:17:45,8186047,OK,34.1
2026-09-14T01:17:50,8191379,OK,34.6
2026-09-14T01:17:56,8196459,OK,34.2
2026-09-14T01:18:01,8202114,OK,34.3
2026-09-14T01:18:07,8207556,OK,34.1
2026-09-14T01:18:12,8213173,OK,34.6
2026-09-14T01:18:17,8218805,OK,36.1
2026-09-14T01:18:22,8223885,OK,34.1
2026-09-14T01:18:28,8228975,OK,34.7
2026-09-14T01:18:33,8234135,OK,34.2
2026-09-14T01:18:38,8239418,OK,34.5
2026-09-14T01:18:43,8244630,OK,35.1
2026-09-14T01:18:49,8249963,OK,40.2
2026-09-14T01:18:54,8255087,OK,34.2
2026-09-14T01:18:59,8260207,OK,35.0
2026-09-14T01:19:04,8265407,OK,34.1
2026-09-14T01:19:10,8270650,OK,34.5
2026-09-14T01:19:15,8276152,OK,34.2
2026-09-14T01:19:20,8281402,OK,34.1
2026-09-14T01:19:25,8286524,OK,35.3
2026-09-14T01:19:31,8291724,OK,34.3
2026-09-14T01:19:36,8297347,OK,35.2
2026-09-14T01:19:41,8302487,OK,34.4
2026-09-14T01:19:47,8307910,OK,34.2
2026-09-14T01:19:52,8313163,OK,35.4
2026-09-14T01:19:57,8318299,OK,34.2
2026-09-14T01:20:02,8323389,OK,36.6
2026-09-14T01:20:07,8328510,OK,33.5
2026-09-14T01:20:12,8333586,OK,34.2
2026-09-14T01:20:17,8338837,OK,34.4
2026-09-14T01:20:23,8343916,OK,35.1
2026-09-14T01:20:29,8349574,OK,36.0
2026-09-14T01:20:34,8355204,OK,34.8
2026-09-14T01:20:40,8360546,OK,35.1
2026-09-14T01:20:45,8366161,OK,34.3
2026-09-14T01:20:52,8371413,OK,34.2
2026-09-14T01:20:57,8378514,OK,38.2
2026-09-14T01:21:02,8383601,OK,35.8
2026-09-14T01:21:07,8388721,OK,36.8
2026-09-14T01:21:13,8393800,OK,34.1
2026-09-14T01:21:18,8399441,OK,34.5
2026-09-14T01:21:24,8404883,OK,34.1
2026-09-14T01:21:29,8410120,OK,40.4
2026-09-14T01:21:34,8415203,OK,34.2
2026-09-14T01:21:40,8420843,OK,34.3
2026-09-14T01:21:45,8426305,OK,34.1
2026-09-14T01:21:50,8431422,OK,35.2
2026-09-14T01:21:55,8436542,OK,36.2
2026-09-14T01:22:00,8441664,OK,34.0
2026-09-14T01:22:05,8446784,OK,36.4
2026-09-14T01:22:11,8451903,OK,36.1
2026-09-14T01:22:16,8457112,OK,36.7
2026-09-14T01:22:21,8462535,OK,34.0
2026-09-14T01:22:27,8467964,OK,34.4
2026-09-14T01:22:32,8473390,OK,34.2
2026-09-14T01:22:38,8479007,OK,34.2
2026-09-14T01:22:43,8484269,OK,34.1
2026-09-14T01:22:48,8489381,OK,35.4
2026-09-14T01:22:54,8494582,OK,36.4
2026-09-14T01:22:59,8500204,OK,34.0
2026-09-14T01:23:05,8505646,OK,34.2
2026-09-14T01:23:10,8511263,OK,34.2
2026-09-14T01:23:16,8516705,OK,34.3
2026-09-14T01:23:21,8522322,OK,34.3
2026-09-14T01:23:27,8527765,OK,35.3
2026-09-14T01:23:32,8533382,OK,34.1
2026-09-14T01:23:37,8538634,OK,36.2
2026-09-14T01:23:42,8543856,OK,35.3
2026-09-14T01:23:48,8548935,OK,34.3
2026-09-14T01:23:53,8554389,OK,34.3
2026-09-14T01:23:59,8559836,OK,36.0
2026-09-14T01:24:04,8565043,OK,34.1
2026-09-14T01:24:09,8570286,OK,34.1
2026-09-14T01:24:14,8575398,OK,39.0
2026-09-14T01:24:19,8580518,OK,34.3
2026-09-14T01:24:24,8585640,OK,34.1
2026-09-14T01:24:30,8590838,OK,33.9
2026-09-14T01:24:35,8596461,OK,34.2
2026-09-14T01:24:41,8601904,OK,34.4
2026-09-14T01:24:46,8607520,OK,35.9
2026-09-14T01:24:51,8612599,OK,34.1
2026-09-14T01:24:56,8617696,OK,34.3
2026-09-14T01:25:02,8622840,OK,34.1
2026-09-14T01:25:07,8628027,OK,34.2
2026-09-14T01:25:12,8633152,OK,34.2
2026-09-14T01:25:17,8638273,OK,38.0
2026-09-14T01:25:22,8643393,OK,34.8
2026-09-14T01:25:27,8648513,OK,35.5
2026-09-14T01:25:32,8653643,OK,34.7
2026-09-14T01:25:37,8658760,OK,34.3
2026-09-14T01:25:43,8663873,OK,34.1
2026-09-14T01:25:48,8669025,OK,37.8
2026-09-14T01:25:53,8674113,OK,34.2
2026-09-14T01:25:58,8679320,OK,34.2
2026-09-14T01:26:04,8684936,OK,34.2
2026-09-14T01:26:09,8690188,OK,35.1
2026-09-14T01:26:14,8695400,OK,34.2
2026-09-14T01:26:19,8700823,OK,35.1
2026-09-14T01:26:25,8705935,OK,34.3
2026-09-14T01:26:30,8711380,OK,34.1
2026-09-14T01:26:36,8716987,OK,34.1
2026-09-14T01:26:42,8722619,OK,34.2
2026-09-14T01:26:47,8728351,OK,35.4
2026-09-14T01:26:53,8733796,OK,34.1
2026-09-14T01:26:58,8739413,OK,34.2
2026-09-14T01:27:04,8745045,OK,34.0
2026-09-14T01:27:09,8750297,OK,36.3
2026-09-14T01:27:14,8755429,OK,34.2
2026-09-14T01:27:19,8760549,OK,34.3
2026-09-14T01:27:25,8765751,OK,38.6
2026-09-14T01:27:30,8771362,OK,34.0
2026-09-14T01:27:36,8776994,OK,34.2
2026-09-14T01:27:41,8782147,OK,34.0
2026-09-14T01:27:46,8787266,OK,34.3
2026-09-14T01:27:51,8792416,OK,33.5
2026-09-14T01:27:56,8797593,OK,34.1
2026-09-14T01:28:02,8802676,OK,34.2
2026-09-14T01:28:07,8808139,OK,34.1
2026-09-14T01:28:12,8813486,OK,34.6
2026-09-14T01:28:17,8818701,OK,36.5
2026-09-14T01:28:23,8823790,OK,34.7
2026-09-14T01:28:28,8829234,OK,34.1
2026-09-14T01:28:33,8834561,OK,34.2
2026-09-14T01:28:38,8839796,OK,36.8
2026-09-14T01:28:44,8844929,OK,34.2
2026-09-14T01:28:49,8850038,OK,34.3
2026-09-14T01:28:54,8855158,OK,37.3
2026-09-14T01:28:59,8860318,OK,34.4
2026-09-14T01:29:05,8865981,OK,36.7
2026-09-14T01:29:10,8871061,OK,34.1
2026-09-14T01:29:15,8876150,OK,34.1
2026-09-14T01:29:20,8881270,OK,34.3
2026-09-14T01:29:25,8886390,OK,34.4
2026-09-14T01:29:31,8891601,OK,34.2
2026-09-14T01:29:38,8897213,OK,34.1
2026-09-14T01:29:43,8904395,OK,35.2
2026-09-14T01:29:49,8910013,OK,34.6
2026-09-14T01:29:54,8915265,OK,34.6
2026-09-14T01:29:59,8920399,OK,34.1
2026-09-14T01:30:04,8925508,OK,34.0
2026-09-14T01:30:10,8930617,OK,35.8
2026-09-14T01:30:15,8936228,OK,34.3
2026-09-14T01:30:21,8941670,OK,36.4
2026-09-14T01:30:26,8947099,OK,35.0
2026-09-14T01:30:32,8952715,OK,35.9
2026-09-14T01:30:37,8958157,OK,34.1
2026-09-14T01:30:42,8963774,OK,34.1
2026-09-14T01:30:47,8968851,OK,34.0
2026-09-14T01:30:53,8973928,OK,34.8
2026-09-14T01:30:58,8979544,OK,34.3
2026-09-14T01:31:03,8984623,OK,34.2
2026-09-14T01:31:08,8989715,OK,36.0
2026-09-14T01:31:14,8994823,OK,34.1
2026-09-14T01:31:19,9000243,OK,37.1
2026-09-14T01:31:24,9005671,OK,34.2
2026-09-14T01:31:30,9010908,OK,34.0
2026-09-14T01:31:35,9016030,OK,34.5
2026-09-14T01:31:40,9021107,OK,34.2
2026-09-14T01:31:46,9026750,OK,34.7
2026-09-14T01:31:51,9032203,OK,34.2
2026-09-14T01:31:56,9037810,OK,34.2
2026-09-14T01:32:01,9042892,OK,34.1
2026-09-14T01:32:07,9047979,OK,34.8
2026-09-14T01:32:12,9053090,OK,36.7
2026-09-14T01:32:17,9058700,OK,37.3
2026-09-14T01:32:22,9063780,OK,34.2
2026-09-14T01:32:28,9068869,OK,35.3
2026-09-14T01:32:33,9074020,OK,34.1
2026-09-14T01:32:39,9079210,OK,34.0
2026-09-14T01:32:44,9085425,OK,35.3
2026-09-14T01:32:50,9091059,OK,33.9
2026-09-14T01:32:55,9096142,OK,34.4
2026-09-14T01:33:00,9101228,OK,34.4
2026-09-14T01:33:05,9106348,OK,34.5
2026-09-14T01:33:10,9111468,OK,35.6
2026-09-14T01:33:15,9116598,OK,34.3
2026-09-14T01:33:20,9121709,OK,34.2
2026-09-14T01:33:25,9126828,OK,35.2
2026-09-14T01:33:31,9131979,OK,34.3
2026-09-14T01:33:36,9137068,OK,35.1
2026-09-14T01:33:41,9142189,OK,34.2
2026-09-14T01:33:46,9147308,OK,35.4
2026-09-14T01:33:51,9152429,OK,34.3
2026-09-14T01:33:56,9157548,OK,35.6
2026-09-14T01:34:01,9162669,OK,34.2
2026-09-14T01:34:07,9167878,OK,34.3
2026-09-14T01:34:12,9173211,OK,34.6
2026-09-14T01:34:17,9178336,OK,34.1
2026-09-14T01:34:22,9183457,OK,34.2
2026-09-14T01:34:27,9188606,OK,33.8
2026-09-14T01:34:32,9193696,OK,35.1
2026-09-14T01:34:37,9198826,OK,34.1
2026-09-14T01:34:43,9203926,OK,34.2
2026-09-14T01:34:48,9209537,OK,37.3
2026-09-14T01:34:53,9214617,OK,34.0
2026-09-14T01:34:58,9219706,OK,34.2
2026-09-14T01:35:04,9224916,OK,34.3
2026-09-14T01:35:09,9230529,OK,35.3
2026-09-14T01:35:14,9235608,OK,35.0
2026-09-14T01:35:19,9240699,OK,34.2
2026-09-14T01:35:24,9245819,OK,34.3
2026-09-14T01:35:30,9250938,OK,35.8
2026-09-14T01:35:35,9256089,OK,34.2
2026-09-14T01:35:40,9261179,OK,34.4
2026-09-14T01:35:45,9266299,OK,33.9
2026-09-14T01:35:50,9271418,OK,42.0
2026-09-14T01:35:55,9276539,OK,35.4
2026-09-14T01:36:00,9281659,OK,35.2
2026-09-14T01:36:07,9286778,OK,38.4
2026-09-14T01:36:12,9293229,OK,36.6
2026-09-14T01:36:17,9298350,OK,34.1
2026-09-14T01:36:22,9303470,OK,35.0
2026-09-14T01:36:27,9308581,OK,34.3
2026-09-14T01:36:33,9314001,OK,36.0
2026-09-14T01:36:38,9319238,OK,34.1
2026-09-14T01:36:44,9324741,OK,35.4
2026-09-14T01:36:49,9330370,OK,35.4
2026-09-14T01:36:55,9335812,OK,35.9
2026-09-14T01:37:00,9341429,OK,36.8
2026-09-14T01:37:05,9346570,OK,34.7
2026-09-14T01:37:11,9351702,OK,34.8
2026-09-14T01:37:16,9357212,OK,37.1
2026-09-14T01:37:22,9362831,OK,43.8
2026-09-14T01:37:27,9368274,OK,35.0
2026-09-14T01:37:32,9373891,OK,35.6
2026-09-14T01:37:38,9378969,OK,34.1
2026-09-14T01:37:43,9384061,OK,34.2
2026-09-14T01:37:48,9389147,OK,34.3
2026-09-14T01:37:53,9394237,OK,35.3
2026-09-14T01:37:59,9399711,OK,34.3
2026-09-14T01:38:04,9405140,OK,35.1
2026-09-14T01:38:09,9410221,OK,34.3
2026-09-14T01:38:15,9415875,OK,38.0
2026-09-14T01:38:20,9421317,OK,34.9
2026-09-14T01:38:26,9426396,OK,36.8
2026-09-14T01:38:31,9432154,OK,34.0
2026-09-14T01:38:37,9437789,OK,38.2
2026-09-14T01:38:42,9443421,OK,39.3
2026-09-14T01:38:47,9448753,OK,34.6
2026-09-14T01:38:52,9453832,OK,34.2
2026-09-14T01:38:58,9458916,OK,34.6
2026-09-14T01:39:05,9464115,OK,33.9
2026-09-14T01:39:10,9471169,OK,34.2
2026-09-14T01:39:16,9476804,OK,47.1
2026-09-14T01:39:21,9482234,OK,34.2
2026-09-14T01:39:27,9487863,OK,38.6
2026-09-14T01:39:33,9493495,OK,37.0
2026-09-14T01:39:38,9499127,OK,38.0
2026-09-14T01:39:43,9504379,OK,34.4
2026-09-14T01:39:48,9509503,OK,34.2
2026-09-14T01:39:55,9514622,OK,34.8
2026-09-14T01:40:00,9521721,OK,34.1
2026-09-14T01:40:06,9526889,OK,34.0
2026-09-14T01:40:12,9532510,OK,37.0
2026-09-14T01:40:17,9538144,OK,35.3
2026-09-14T01:40:23,9543774,OK,37.1
2026-09-14T01:40:28,9549406,OK,37.8
2026-09-14T01:40:33,9554848,OK,34.4
2026-09-14T01:40:39,9559925,OK,34.5
2026-09-14T01:40:45,9565585,OK,34.7
2026-09-14T01:40:50,9571027,OK,34.0
2026-09-14T01:40:55,9576645,OK,37.0
2026-09-14T01:41:01,9581897,OK,34.3
2026-09-14T01:41:06,9587019,OK,37.2
2026-09-14T01:41:11,9592099,OK,34.0
2026-09-14T01:41:16,9597176,OK,34.1
2026-09-14T01:41:21,9602277,OK,35.4
2026-09-14T01:41:26,9607397,OK,34.2
2026-09-14T01:41:32,9612474,OK,34.5
2026-09-14T01:41:37,9618017,OK,35.4
2026-09-14T01:41:42,9623647,OK,37.0
2026-09-14T01:41:47,9628771,OK,33.7
2026-09-14T01:41:52,9633847,OK,34.3
2026-09-14T01:41:58,9638924,OK,34.3
2026-09-14T01:42:04,9644537,OK,35.4
2026-09-14T01:42:09,9650169,OK,34.9
2026-09-14T01:42:14,9655247,OK,34.5
2026-09-14T01:42:19,9660338,OK,35.9
2026-09-14T01:42:24,9665458,OK,34.7
2026-09-14T01:42:29,9670568,OK,34.2
2026-09-14T01:42:35,9675988,OK,34.6
2026-09-14T01:42:40,9681348,OK,34.8
2026-09-14T01:42:45,9686481,OK,35.4
2026-09-14T01:42:50,9691559,OK,34.0
2026-09-14T01:42:57,9696791,OK,35.2
2026-09-14T01:43:02,9703891,OK,34.3
2026-09-14T01:43:08,9708979,OK,35.6
2026-09-14T01:43:13,9714197,OK,34.1
2026-09-14T01:43:18,9719312,OK,35.5
2026-09-14T01:43:24,9724731,OK,34.2
2026-09-14T01:43:29,9730179,OK,34.0
2026-09-14T01:43:34,9735296,OK,35.0
2026-09-14T01:43:39,9740415,OK,34.1
2026-09-14T01:43:44,9745536,OK,36.1
2026-09-14T01:43:49,9750736,OK,34.6
2026-09-14T01:43:54,9755814,OK,34.1
2026-09-14T01:43:59,9760898,OK,34.3
2026-09-14T01:44:05,9765974,OK,34.1
2026-09-14T01:44:10,9771237,OK,35.7
2026-09-14T01:44:15,9776315,OK,34.5
2026-09-14T01:44:21,9781959,OK,34.9
2026-09-14T01:44:26,9787066,OK,34.6
2026-09-14T01:44:31,9792321,OK,34.0
2026-09-14T01:44:37,9797744,OK,34.1
2026-09-14T01:44:42,9803361,OK,34.6
2026-09-14T01:44:47,9808693,OK,34.4
2026-09-14T01:44:53,9813810,OK,37.8
2026-09-14T01:44:58,9819088,OK,34.1
2026-09-14T01:45:03,9824180,OK,35.4
2026-09-14T01:45:08,9829300,OK,35.6
2026-09-14T01:45:13,9834424,OK,34.2
2026-09-14T01:45:18,9839540,OK,36.1
2026-09-14T01:45:23,9844661,OK,34.9
2026-09-14T01:45:29,9849810,OK,34.9
2026-09-14T01:45:34,9855097,OK,36.5
2026-09-14T01:45:39,9860234,OK,34.2
2026-09-14T01:45:44,9865345,OK,37.2
2026-09-14T01:45:49,9870466,OK,34.8
2026-09-14T01:45:54,9875569,OK,36.1
2026-09-14T01:46:00,9880996,OK,34.4
2026-09-14T01:46:05,9886423,OK,34.2
2026-09-14T01:46:10,9891503,OK,34.8
2026-09-14T01:46:15,9896581,OK,35.8
2026-09-14T01:46:20,9901698,OK,35.2
2026-09-14T01:46:25,9906848,OK,34.8
2026-09-14T01:46:31,9911938,OK,35.3
2026-09-14T01:46:36,9917058,OK,35.9
2026-09-14T01:46:41,9922189,OK,34.2
2026-09-14T01:46:46,9927388,OK,34.3
2026-09-14T01:46:52,9932811,OK,34.1
2026-09-14T01:46:57,9938048,OK,40.8
2026-09-14T01:47:02,9943248,OK,42.2
2026-09-14T01:47:08,9948795,OK,34.1
2026-09-14T01:47:13,9954022,OK,35.3
2026-09-14T01:47:18,9959155,OK,34.1
2026-09-14T01:47:23,9964266,OK,34.5
2026-09-14T01:47:29,9969465,OK,34.8
2026-09-14T01:47:34,9975191,OK,37.4
2026-09-14T01:47:39,9980544,OK,35.2
2026-09-14T01:47:44,9985678,OK,40.4
2026-09-14T01:47:49,9990786,OK,34.0
2026-09-14T01:47:55,9995872,OK,35.1
2026-09-14T01:48:00,10001358,OK,34.1
2026-09-14T01:48:05,10006455,OK,34.7
2026-09-14T01:48:10,10011575,OK,34.4
2026-09-14T01:48:16,10016779,OK,34.1
2026-09-14T01:48:21,10022409,OK,34.3
2026-09-14T01:48:27,10027840,OK,35.0
2026-09-14T01:48:32,10033266,OK,34.0
2026-09-14T01:48:39,10038884,OK,34.8
2026-09-14T01:48:45,10045930,OK,34.3
2026-09-14T01:48:51,10051582,OK,34.3
2026-09-14T01:48:56,10057213,OK,35.1
2026-09-14T01:49:02,10062641,OK,34.2
2026-09-14T01:49:07,10068383,OK,34.7
2026-09-14T01:49:12,10073717,OK,33.8
2026-09-14T01:49:18,10078952,OK,35.1
2026-09-14T01:49:23,10084094,OK,34.2
2026-09-14T01:49:28,10089196,OK,35.9
2026-09-14T01:49:33,10094415,OK,42.5
2026-09-14T01:49:38,10099538,OK,37.6
2026-09-14T01:49:44,10104747,OK,34.7
2026-09-14T01:49:49,10110174,OK,34.4
2026-09-14T01:49:54,10115406,OK,36.7
2026-09-14T01:49:59,10120529,OK,36.9
2026-09-14T01:50:04,10125649,OK,34.7
2026-09-14T01:50:09,10130782,OK,35.0
2026-09-14T01:50:14,10135911,OK,40.0
2026-09-14T01:50:20,10140994,OK,34.1
2026-09-14T01:50:25,10146424,OK,34.1
2026-09-14T01:50:31,10152037,OK,34.5
2026-09-14T01:50:37,10157669,OK,34.5
2026-09-14T01:50:42,10163213,OK,34.1
2026-09-14T01:50:47,10168651,OK,35.7
2026-09-14T01:50:53,10173766,OK,34.2
2026-09-14T01:50:58,10179198,OK,37.4
2026-09-14T01:51:03,10184415,OK,41.6
2026-09-14T01:51:08,10189501,OK,34.5
2026-09-14T01:51:14,10194970,OK,38.3
2026-09-14T01:51:19,10200095,OK,35.5
2026-09-14T01:51:24,10205215,OK,34.1
2026-09-14T01:51:29,10210331,OK,34.2
2026-09-14T01:51:34,10215455,OK,36.0
2026-09-14T01:51:40,10220665,OK,34.3
2026-09-14T01:51:45,10226278,OK,34.3
2026-09-14T01:51:51,10232014,OK,34.0
2026-09-14T01:51:57,10237746,OK,35.2
2026-09-14T01:52:02,10243189,OK,34.1
2026-09-14T01:52:08,10248616,OK,34.2
2026-09-14T01:52:13,10254336,OK,34.2
2026-09-14T01:52:19,10260070,OK,34.7
2026-09-14T01:52:25,10265522,OK,34.1
2026-09-14T01:52:30,10271139,OK,34.5
2026-09-14T01:52:36,10276765,OK,33.7
2026-09-14T01:52:41,10282046,OK,38.2
2026-09-14T01:52:48,10287137,OK,34.6
2026-09-14T01:52:53,10294234,OK,33.9
2026-09-14T01:52:58,10299310,OK,34.0
2026-09-14T01:53:04,10304732,OK,34.1
2026-09-14T01:53:09,10310459,OK,33.9
2026-09-14T01:53:14,10315537,OK,34.1
2026-09-14T01:53:19,10320711,OK,34.2
2026-09-14T01:53:25,10325976,OK,34.1
2026-09-14T01:53:30,10331076,OK,33.9
2026-09-14T01:53:35,10336189,OK,34.4
2026-09-14T01:53:41,10341396,OK,34.0
2026-09-14T01:53:46,10347109,OK,34.1
2026-09-14T01:53:51,10352658,OK,43.9
2026-09-14T01:53:56,10357893,OK,38.3
2026-09-14T01:54:02,10363015,OK,36.3
2026-09-14T01:54:07,10368145,OK,33.9
2026-09-14T01:54:12,10373234,OK,35.0
2026-09-14T01:54:17,10378312,OK,34.2
2026-09-14T01:54:22,10383383,OK,34.1
2026-09-14T01:54:28,10388993,OK,34.0
2026-09-14T01:54:34,10394625,OK,35.2
2026-09-14T01:54:39,10400257,OK,33.9
2026-09-14T01:54:45,10405889,OK,35.6
2026-09-14T01:54:50,10411141,OK,34.2
2026-09-14T01:54:57,10416264,OK,37.6
2026-09-14T01:55:02,10423353,OK,34.0
2026-09-14T01:55:07,10428539,OK,34.1
2026-09-14T01:55:13,10433766,OK,33.9
2026-09-14T01:55:18,10439084,OK,35.7
2026-09-14T01:55:24,10444699,OK,35.2
2026-09-14T01:55:29,10450351,OK,33.9
2026-09-14T01:55:34,10455427,OK,34.3
2026-09-14T01:55:39,10460505,OK,34.0
2026-09-14T01:55:44,10465581,OK,34.0
2026-09-14T01:55:50,10470931,OK,34.1
2026-09-14T01:55:55,10476166,OK,34.0
2026-09-14T01:56:00,10481320,OK,38.8
2026-09-14T01:56:05,10486418,OK,36.1
2026-09-14T01:56:11,10491496,OK,35.5
2026-09-14T01:56:16,10497129,OK,34.3
2026-09-14T01:56:21,10502217,OK,33.9
2026-09-14T01:56:26,10507308,OK,36.0
2026-09-14T01:56:31,10512396,OK,35.6
2026-09-14T01:56:37,10518019,OK,34.2
2026-09-14T01:56:42,10523148,OK,34.1
2026-09-14T01:56:47,10528256,OK,34.1
2026-09-14T01:56:52,10533711,OK,33.9
2026-09-14T01:56:58,10538958,OK,34.0
2026-09-14T01:57:03,10544061,OK,34.8
2026-09-14T01:57:08,10549181,OK,34.9
2026-09-14T01:57:13,10554378,OK,37.8
2026-09-14T01:57:18,10559616,OK,34.2
2026-09-14T01:57:24,10564935,OK,34.1
2026-09-14T01:57:29,10570351,OK,39.3
2026-09-14T01:57:35,10575977,OK,35.3
2026-09-14T01:57:40,10581613,OK,33.7
2026-09-14T01:57:45,10586722,OK,34.2
2026-09-14T01:57:51,10591981,OK,34.1
2026-09-14T01:57:56,10597059,OK,34.1
2026-09-14T01:58:02,10602704,OK,34.9
2026-09-14T01:58:07,10608336,OK,35.0
2026-09-14T01:58:12,10613407,OK,34.2
2026-09-14T01:58:17,10618516,OK,36.3
2026-09-14T01:58:22,10623627,OK,34.6
2026-09-14T01:58:27,10628704,OK,34.2
2026-09-14T01:58:32,10633781,OK,34.3
2026-09-14T01:58:37,10638885,OK,34.7
2026-09-14T01:58:43,10644003,OK,38.9
2026-09-14T01:58:48,10649124,OK,34.0
2026-09-14T01:58:53,10654243,OK,37.7
2026-09-14T01:58:58,10659364,OK,38.5
2026-09-14T01:59:03,10664485,OK,35.7
2026-09-14T01:59:09,10669563,OK,34.0
2026-09-14T01:59:14,10675015,OK,34.3
2026-09-14T01:59:20,10680742,OK,39.9
2026-09-14T01:59:25,10686367,OK,34.2
2026-09-14T01:59:31,10691819,OK,34.3
2026-09-14T01:59:36,10697255,OK,35.4
2026-09-14T01:59:41,10702373,OK,35.8
2026-09-14T01:59:46,10707505,OK,34.4
2026-09-14T01:59:52,10712702,OK,34.0
2026-09-14T01:59:57,10718316,OK,34.1
2026-09-14T02:00:03,10723947,OK,34.9
2026-09-14T02:00:08,10729390,OK,34.0
2026-09-14T02:00:14,10735008,OK,34.0
2026-09-14T02:00:19,10740084,OK,34.3
2026-09-14T02:00:24,10745187,OK,34.2
2026-09-14T02:00:29,10750298,OK,34.7
2026-09-14T02:00:34,10755509,OK,34.5
2026-09-14T02:00:40,10760629,OK,34.2
2026-09-14T02:00:45,10766240,OK,33.9
2026-09-14T02:00:50,10771873,OK,33.9
2026-09-14T02:00:56,10776993,OK,34.6
2026-09-14T02:01:02,10782624,OK,34.2
2026-09-14T02:01:07,10788256,OK,33.9
2026-09-14T02:01:12,10793519,OK,34.0
2026-09-14T02:01:17,10798631,OK,35.4
2026-09-14T02:01:22,10803749,OK,37.5
2026-09-14T02:01:28,10808949,OK,35.1
2026-09-14T02:01:34,10814574,OK,34.1
2026-09-14T02:01:39,10820206,OK,34.1
2026-09-14T02:01:45,10825838,OK,36.7
2026-09-14T02:01:50,10831090,OK,38.2
2026-09-14T02:01:55,10836213,OK,34.8
2026-09-14T02:02:00,10841335,OK,36.4
2026-09-14T02:02:05,10846451,OK,37.0
2026-09-14T02:02:10,10851571,OK,36.0
2026-09-14T02:02:15,10856691,OK,37.1
2026-09-14T02:02:20,10861813,OK,35.3
2026-09-14T02:02:26,10866933,OK,33.9
2026-09-14T02:02:31,10872064,OK,34.4
2026-09-14T02:02:36,10877174,OK,38.4
2026-09-14T02:02:41,10882294,OK,34.6
2026-09-14T02:02:46,10887444,OK,34.2
2026-09-14T02:02:51,10892545,OK,34.0
2026-09-14T02:02:56,10897654,OK,35.4
2026-09-14T02:03:01,10902774,OK,35.1
2026-09-14T02:03:07,10907906,OK,34.0
2026-09-14T02:03:12,10913012,OK,37.1
2026-09-14T02:03:17,10918134,OK,35.2
2026-09-14T02:03:22,10923344,OK,34.1
2026-09-14T02:03:27,10928577,OK,40.7
2026-09-14T02:03:32,10933739,OK,33.8
2026-09-14T02:03:38,10938830,OK,36.1
2026-09-14T02:03:43,10944069,OK,34.1
2026-09-14T02:03:48,10949150,OK,33.9
2026-09-14T02:03:53,10954226,OK,33.9
2026-09-14T02:03:59,10959882,OK,33.7
2026-09-14T02:04:04,10965032,OK,35.2
2026-09-14T02:04:09,10970164,OK,33.9
2026-09-14T02:04:14,10975272,OK,37.3
2026-09-14T02:04:19,10980424,OK,34.2
2026-09-14T02:04:24,10985515,OK,34.6
2026-09-14T02:04:29,10990632,OK,33.4
2026-09-14T02:04:35,10995710,OK,34.0
2026-09-14T02:04:40,11001204,OK,34.1
2026-09-14T02:04:45,11006330,OK,34.1
2026-09-14T02:04:50,11011420,OK,34.2
2026-09-14T02:04:55,11016639,OK,34.0
2026-09-14T02:05:01,11021802,OK,34.1
2026-09-14T02:05:06,11027274,OK,33.2
2026-09-14T02:05:11,11032351,OK,34.2
2026-09-14T02:05:16,11037631,OK,34.1
2026-09-14T02:05:21,11042755,OK,34.3
2026-09-14T02:05:26,11047875,OK,36.2
2026-09-14T02:05:32,11052978,OK,35.8
2026-09-14T02:05:37,11058404,OK,34.0
2026-09-14T02:05:43,11064021,OK,35.3
2026-09-14T02:05:48,11069102,OK,33.9
2026-09-14T02:05:53,11074222,OK,34.4
2026-09-14T02:05:58,11079312,OK,35.0
2026-09-14T02:06:03,11084433,OK,36.6
2026-09-14T02:06:09,11089512,OK,34.1
2026-09-14T02:06:14,11095151,OK,35.2
2026-09-14T02:06:20,11100883,OK,34.0
2026-09-14T02:06:25,11106328,OK,34.1
2026-09-14T02:06:30,11111755,OK,34.3
2026-09-14T02:06:36,11116992,OK,33.4
2026-09-14T02:06:41,11122068,OK,34.1
2026-09-14T02:06:47,11127715,OK,34.8
2026-09-14T02:06:52,11133347,OK,34.2
2026-09-14T02:06:57,11138789,OK,34.0
2026-09-14T02:07:03,11143905,OK,35.6
2026-09-14T02:07:08,11149526,OK,35.3
2026-09-14T02:07:13,11154595,OK,34.0
2026-09-14T02:07:18,11159776,OK,37.2
2026-09-14T02:07:23,11164855,OK,34.4
2026-09-14T02:07:29,11169967,OK,34.2
2026-09-14T02:07:34,11175033,OK,39.1
2026-09-14T02:07:39,11180276,OK,34.3
2026-09-14T02:07:44,11185390,OK,34.2
2026-09-14T02:07:50,11190456,OK,34.0
2026-09-14T02:07:55,11196119,OK,34.8
2026-09-14T02:08:00,11201196,OK,34.0
2026-09-14T02:08:05,11206273,OK,35.1
2026-09-14T02:08:10,11211508,OK,34.1
2026-09-14T02:08:15,11216631,OK,36.0
2026-09-14T02:08:21,11221831,OK,36.6
2026-09-14T02:08:26,11227263,OK,34.7
2026-09-14T02:08:31,11232691,OK,34.2
2026-09-14T02:08:37,11237928,OK,34.0
2026-09-14T02:08:42,11243130,OK,34.5
2026-09-14T02:08:47,11248593,OK,34.1
2026-09-14T02:08:52,11253703,OK,36.6
2026-09-14T02:08:57,11258850,OK,34.2
2026-09-14T02:09:03,11263940,OK,39.8
2026-09-14T02:09:08,11269022,OK,34.6
2026-09-14T02:09:14,11274660,OK,35.6
2026-09-14T02:09:19,11280102,OK,34.1
2026-09-14T02:09:25,11285720,OK,34.9
2026-09-14T02:09:30,11291162,OK,34.3
2026-09-14T02:09:35,11296489,OK,34.1
2026-09-14T02:09:40,11301764,OK,34.5
2026-09-14T02:09:46,11306845,OK,34.3
2026-09-14T02:09:51,11312546,OK,34.1
2026-09-14T02:09:57,11317991,OK,35.2
2026-09-14T02:10:02,11323708,OK,34.0
2026-09-14T02:10:07,11328849,OK,34.1
2026-09-14T02:10:13,11333983,OK,40.2
2026-09-14T02:10:20,11339102,OK,34.3
2026-09-14T02:10:27,11346201,OK,36.2
2026-09-14T02:10:32,11353257,OK,34.0
2026-09-14T02:10:37,11358353,OK,37.7
2026-09-14T02:10:42,11363474,OK,40.6
2026-09-14T02:10:47,11368687,OK,34.3
2026-09-14T02:10:52,11373764,OK,39.1
2026-09-14T02:10:57,11378845,OK,34.0
2026-09-14T02:11:03,11383955,OK,39.6
2026-09-14T02:11:08,11389074,OK,40.9
2026-09-14T02:11:13,11394194,OK,34.0
2026-09-14T02:11:18,11399324,OK,34.0
2026-09-14T02:11:23,11404435,OK,35.6
2026-09-14T02:11:28,11409554,OK,35.3
2026-09-14T02:11:33,11414674,OK,34.7
2026-09-14T02:11:39,11419751,OK,34.1
2026-09-14T02:11:44,11425395,OK,35.4
2026-09-14T02:11:49,11430535,OK,34.1
2026-09-14T02:11:54,11435676,OK,33.9
2026-09-14T02:11:59,11440786,OK,34.0
2026-09-14T02:12:05,11445907,OK,42.6
2026-09-14T02:12:10,11451026,OK,35.8
2026-09-14T02:12:15,11456105,OK,34.2
2026-09-14T02:12:20,11461447,OK,34.9
2026-09-14T02:12:26,11467072,OK,35.4
2026-09-14T02:12:31,11472334,OK,33.9
2026-09-14T02:12:36,11477446,OK,34.2
2026-09-14T02:12:41,11482567,OK,41.3
2026-09-14T02:12:46,11487696,OK,34.1
2026-09-14T02:12:51,11492807,OK,43.4
2026-09-14T02:12:57,11498007,OK,34.0
2026-09-14T02:13:02,11503083,OK,34.6
2026-09-14T02:13:07,11508166,OK,33.5
2026-09-14T02:13:12,11513241,OK,34.1
2026-09-14T02:13:17,11518697,OK,36.0
2026-09-14T02:13:22,11523775,OK,37.2
2026-09-14T02:13:28,11528855,OK,38.1
2026-09-14T02:13:33,11534348,OK,34.2
2026-09-14T02:13:38,11539792,OK,33.4
2026-09-14T02:13:43,11544868,OK,34.4
2026-09-14T02:13:49,11549956,OK,34.1
2026-09-14T02:13:54,11555096,OK,34.1
2026-09-14T02:13:59,11560186,OK,34.0
2026-09-14T02:14:04,11565306,OK,34.1
2026-09-14T02:14:09,11570426,OK,33.5
2026-09-14T02:14:14,11575556,OK,34.3
2026-09-14T02:14:19,11580677,OK,34.1
2026-09-14T02:14:24,11585797,OK,34.1
2026-09-14T02:14:29,11590907,OK,41.5
2026-09-14T02:14:35,11595991,OK,33.9
2026-09-14T02:14:40,11601437,OK,36.7
2026-09-14T02:14:46,11607055,OK,34.2
2026-09-14T02:14:51,11612143,OK,33.9
2026-09-14T02:14:56,11617262,OK,36.7
2026-09-14T02:15:02,11622737,OK,34.1
2026-09-14T02:15:07,11628354,OK,35.4
2026-09-14T02:15:12,11633706,OK,34.1
2026-09-14T02:15:18,11638911,OK,34.2
2026-09-14T02:15:23,11644344,OK,34.0
2026-09-14T02:15:29,11649961,OK,34.9
2026-09-14T02:15:34,11655403,OK,36.0
2026-09-14T02:15:40,11660481,OK,36.7
2026-09-14T02:15:45,11666140,OK,35.6
2026-09-14T02:15:50,11671472,OK,36.1
2026-09-14T02:15:56,11677097,OK,35.2
2026-09-14T02:16:01,11682539,OK,34.6
2026-09-14T02:16:07,11687967,OK,34.1
2026-09-14T02:16:12,11693204,OK,34.3
2026-09-14T02:16:17,11698415,OK,33.9
2026-09-14T02:16:22,11703839,OK,34.0
2026-09-14T02:16:28,11708915,OK,38.7
2026-09-14T02:16:33,11714386,OK,35.8
2026-09-14T02:16:38,11719464,OK,36.8
2026-09-14T02:16:43,11724753,OK,38.3
2026-09-14T02:16:50,11729871,OK,36.6
2026-09-14T02:16:56,11736963,OK,34.2
2026-09-14T02:17:01,11742051,OK,39.8
2026-09-14T02:17:06,11747181,OK,34.7
2026-09-14T02:17:11,11752477,OK,34.5
2026-09-14T02:17:17,11757704,OK,34.3
2026-09-14T02:17:22,11763319,OK,35.0
2026-09-14T02:17:27,11768601,OK,34.9
2026-09-14T02:17:32,11773693,OK,39.2
2026-09-14T02:17:37,11778813,OK,42.7
2026-09-14T02:17:43,11783944,OK,33.4
2026-09-14T02:17:48,11789019,OK,36.4
2026-09-14T02:17:53,11794183,OK,35.3
2026-09-14T02:17:58,11799313,OK,34.3
2026-09-14T02:18:03,11804413,OK,34.1
2026-09-14T02:18:08,11809533,OK,34.1
2026-09-14T02:18:13,11814733,OK,36.0
2026-09-14T02:18:18,11819811,OK,34.2
2026-09-14T02:18:24,11824893,OK,34.1
2026-09-14T02:18:29,11830104,OK,36.1
2026-09-14T02:18:34,11835527,OK,34.0
2026-09-14T02:18:40,11840603,OK,34.0
2026-09-14T02:18:47,11846084,OK,34.1
2026-09-14T02:18:52,11853281,OK,42.1
2026-09-14T02:18:57,11858479,OK,34.2
2026-09-14T02:19:03,11863585,OK,35.1
2026-09-14T02:19:08,11869202,OK,34.9
2026-09-14T02:19:14,11874835,OK,37.5
2026-09-14T02:19:19,11880466,OK,35.0
2026-09-14T02:19:25,11886098,OK,35.4
2026-09-14T02:19:30,11891176,OK,34.1
2026-09-14T02:19:35,11896277,OK,34.2
2026-09-14T02:19:40,11901387,OK,39.0
2026-09-14T02:19:45,11906507,OK,33.5
2026-09-14T02:19:50,11911583,OK,34.0
2026-09-14T02:19:55,11916659,OK,33.9
2026-09-14T02:20:00,11921766,OK,38.5
2026-09-14T02:20:05,11926905,OK,35.2
2026-09-14T02:20:11,11931982,OK,34.1
2026-09-14T02:20:17,11937606,OK,34.8
2026-09-14T02:20:22,11943238,OK,44.8
2026-09-14T02:20:28,11948872,OK,34.1
2026-09-14T02:20:33,11954162,OK,33.9
2026-09-14T02:20:38,11959244,OK,34.5
2026-09-14T02:20:43,11964364,OK,40.3
2026-09-14T02:20:48,11969484,OK,40.1
2026-09-14T02:20:54,11974684,OK,36.1
2026-09-14T02:20:59,11980117,OK,34.4
2026-09-14T02:21:04,11985194,OK,34.0
2026-09-14T02:21:09,11990271,OK,37.6
2026-09-14T02:21:14,11995422,OK,34.3
2026-09-14T02:21:19,12000498,OK,34.0
2026-09-14T02:21:26,12005765,OK,34.0
2026-09-14T02:21:31,12012832,OK,34.1
2026-09-14T02:21:37,12017959,OK,34.4
2026-09-14T02:21:42,12023040,OK,37.0
2026-09-14T02:21:47,12028160,OK,33.5
2026-09-14T02:21:52,12033331,OK,36.7
2026-09-14T02:21:57,12038713,OK,34.7
2026-09-14T02:22:02,12043828,OK,38.4
2026-09-14T02:22:07,12048909,OK,34.0
2026-09-14T02:22:13,12053986,OK,34.7
2026-09-14T02:22:18,12059126,OK,39.4
2026-09-14T02:22:24,12064788,OK,35.4
2026-09-14T02:22:30,12070422,OK,34.1
2026-09-14T02:22:35,12076162,OK,33.9
2026-09-14T02:22:40,12081241,OK,34.2
2026-09-14T02:22:45,12086334,OK,34.3
2026-09-14T02:22:50,12091444,OK,39.7
2026-09-14T02:22:55,12096564,OK,39.7
2026-09-14T02:23:01,12101764,OK,34.0
2026-09-14T02:23:06,12107388,OK,34.6
2026-09-14T02:23:11,12112470,OK,34.2
2026-09-14T02:23:16,12117556,OK,37.4
2026-09-14T02:23:21,12122686,OK,34.3
2026-09-14T02:23:26,12127796,OK,39.8
2026-09-14T02:23:32,12132926,OK,35.8
2026-09-14T02:23:37,12138036,OK,34.2
2026-09-14T02:23:42,12143156,OK,34.0
2026-09-14T02:23:47,12148368,OK,34.1
2026-09-14T02:23:53,12153789,OK,38.2
2026-09-14T02:23:58,12159407,OK,34.9
2026-09-14T02:24:04,12164501,OK,35.2
2026-09-14T02:24:09,12170159,OK,35.6
2026-09-14T02:24:14,12175239,OK,34.2
2026-09-14T02:24:19,12180327,OK,35.5
2026-09-14T02:24:24,12185445,OK,34.1
2026-09-14T02:24:29,12190570,OK,35.4
2026-09-14T02:24:35,12195738,OK,34.0
2026-09-14T02:24:40,12201021,OK,37.0
2026-09-14T02:24:45,12206356,OK,37.1
2026-09-14T02:24:50,12211458,OK,44.7
2026-09-14T02:24:55,12216578,OK,36.5
2026-09-14T02:25:00,12221699,OK,35.7
2026-09-14T02:25:05,12226819,OK,35.6
2026-09-14T02:25:11,12231938,OK,36.7
2026-09-14T02:25:16,12237138,OK,34.2
2026-09-14T02:25:22,12242761,OK,35.7
2026-09-14T02:25:27,12248393,OK,34.1
2026-09-14T02:25:33,12253836,OK,38.1
2026-09-14T02:25:38,12259453,OK,35.0
2026-09-14T02:25:44,12265084,OK,36.1
2026-09-14T02:25:49,12270337,OK,34.1
2026-09-14T02:25:54,12275459,OK,36.2
2026-09-14T02:25:59,12280579,OK,36.5
2026-09-14T02:26:04,12285698,OK,37.1
2026-09-14T02:26:10,12290907,OK,34.2
2026-09-14T02:26:15,12296331,OK,34.2
2026-09-14T02:26:20,12301569,OK,34.0
2026-09-14T02:26:26,12306636,OK,36.3
2026-09-14T02:26:31,12312391,OK,33.8
2026-09-14T02:26:36,12317469,OK,34.0
2026-09-14T02:26:42,12322545,OK,34.0
2026-09-14T02:26:47,12328264,OK,37.3
2026-09-14T02:26:52,12333708,OK,36.0
2026-09-14T02:26:58,12338786,OK,37.1
2026-09-14T02:27:03,12344067,OK,36.5
2026-09-14T02:27:08,12349187,OK,36.6
2026-09-14T02:27:13,12354310,OK,34.2
2026-09-14T02:27:18,12359437,OK,36.5
2026-09-14T02:27:23,12364578,OK,34.0
2026-09-14T02:27:28,12369668,OK,36.4
2026-09-14T02:27:33,12374798,OK,35.7
2026-09-14T02:27:39,12379908,OK,36.6
2026-09-14T02:27:44,12385030,OK,34.8
2026-09-14T02:27:49,12390150,OK,34.6
2026-09-14T02:27:54,12395379,OK,43.5
2026-09-14T02:27:59,12400502,OK,34.5
2026-09-14T02:28:04,12405610,OK,37.3
2026-09-14T02:28:10,12410689,OK,34.1
2026-09-14T02:28:15,12416431,OK,34.2
2026-09-14T02:28:20,12421696,OK,37.7
2026-09-14T02:28:25,12426807,OK,37.9
2026-09-14T02:28:31,12431887,OK,34.6
2026-09-14T02:28:36,12437528,OK,36.5
2026-09-14T02:28:42,12442970,OK,34.8
2026-09-14T02:28:47,12448588,OK,35.8
2026-09-14T02:28:53,12453929,OK,35.4
2026-09-14T02:28:58,12459545,OK,35.8
2026-09-14T02:29:04,12464987,OK,37.5
2026-09-14T02:29:09,12470604,OK,36.1
2026-09-14T02:29:15,12475837,OK,34.3
2026-09-14T02:29:20,12481064,OK,35.0
2026-09-14T02:29:25,12486225,OK,34.6
2026-09-14T02:29:30,12491323,OK,34.6
2026-09-14T02:29:35,12496441,OK,36.9
2026-09-14T02:29:40,12501561,OK,36.0
2026-09-14T02:29:45,12506683,OK,34.6
2026-09-14T02:29:53,12511901,OK,39.8
2026-09-14T02:29:58,12518953,OK,34.5
2026-09-14T02:30:03,12524569,OK,34.7
2026-09-14T02:30:09,12529664,OK,34.7
2026-09-14T02:30:14,12535131,OK,34.3
2026-09-14T02:30:19,12540378,OK,34.4
2026-09-14T02:30:24,12545503,OK,34.5
2026-09-14T02:30:30,12550613,OK,36.8
2026-09-14T02:30:35,12556433,OK,34.4
2026-09-14T02:30:41,12561868,OK,35.5
2026-09-14T02:30:46,12567375,OK,34.0
2026-09-14T02:30:52,12572815,OK,36.1
2026-09-14T02:30:57,12578242,OK,34.0
2026-09-14T02:31:03,12583669,OK,34.8
2026-09-14T02:31:08,12589391,OK,35.7
2026-09-14T02:31:13,12594471,OK,34.2
2026-09-14T02:31:18,12599570,OK,36.9
2026-09-14T02:31:24,12604722,OK,38.5
2026-09-14T02:31:30,12610386,OK,35.6
2026-09-14T02:31:35,12616126,OK,37.2
2026-09-14T02:31:40,12621378,OK,34.3
2026-09-14T02:31:45,12626491,OK,38.3
2026-09-14T02:31:50,12631614,OK,34.1
2026-09-14T02:31:55,12636732,OK,36.6
2026-09-14T02:32:01,12641943,OK,33.9
2026-09-14T02:32:06,12647553,OK,34.3
2026-09-14T02:32:12,12653006,OK,34.1
2026-09-14T02:32:17,12658082,OK,34.2
2026-09-14T02:32:22,12663735,OK,33.6
2026-09-14T02:32:27,12668811,OK,34.1
2026-09-14T02:32:33,12673912,OK,37.2
2026-09-14T02:32:38,12679012,OK,34.0
2026-09-14T02:32:43,12684089,OK,33.9
2026-09-14T02:32:48,12689165,OK,34.0
2026-09-14T02:32:53,12694282,OK,34.1
2026-09-14T02:32:58,12699399,OK,36.4
2026-09-14T02:33:03,12704523,OK,34.0
2026-09-14T02:33:08,12709643,OK,36.0
2026-09-14T02:33:14,12714800,OK,34.1
2026-09-14T02:33:19,12720463,OK,34.9
2026-09-14T02:33:24,12725897,OK,34.2
2026-09-14T02:33:30,12731004,OK,34.0
2026-09-14T02:33:35,12736272,OK,34.1
2026-09-14T02:33:40,12741386,OK,34.5
2026-09-14T02:33:45,12746505,OK,35.5
2026-09-14T02:33:50,12751629,OK,35.8
2026-09-14T02:33:55,12756746,OK,34.6
2026-09-14T02:34:01,12761865,OK,36.6
2026-09-14T02:34:06,12767074,OK,35.0
2026-09-14T02:34:11,12772154,OK,34.0
2026-09-14T02:34:16,12777807,OK,35.6
2026-09-14T02:34:22,12782895,OK,35.5
2026-09-14T02:34:27,12788561,OK,36.2
2026-09-14T02:34:32,12793642,OK,34.1
2026-09-14T02:34:37,12798758,OK,37.7
2026-09-14T02:34:42,12803868,OK,33.9
2026-09-14T02:34:48,12808969,OK,41.0
2026-09-14T02:34:53,12814169,OK,35.1
2026-09-14T02:34:58,12819602,OK,34.2
2026-09-14T02:35:04,12824678,OK,38.9
2026-09-14T02:35:09,12830339,OK,35.5
2026-09-14T02:35:15,12835972,OK,34.6
2026-09-14T02:35:20,12841444,OK,38.2
2026-09-14T02:35:25,12846562,OK,34.0
2026-09-14T02:35:30,12851674,OK,34.0
2026-09-14T02:35:36,12856750,OK,35.3
2026-09-14T02:35:41,12862391,OK,35.1
2026-09-14T02:35:47,12868025,OK,34.2
2026-09-14T02:35:52,12873477,OK,34.8
2026-09-14T02:35:58,12878983,OK,35.7
2026-09-14T02:36:03,12884424,OK,34.2
2026-09-14T02:36:09,12890040,OK,34.8
2026-09-14T02:36:15,12895672,OK,34.7
2026-09-14T02:36:20,12901304,OK,35.1
2026-09-14T02:36:26,12906936,OK,36.2
2026-09-14T02:36:31,12912567,OK,36.0
2026-09-14T02:36:38,12917659,OK,38.7
2026-09-14T02:36:43,12924718,OK,34.2
2026-09-14T02:36:48,12929802,OK,34.5
2026-09-14T02:36:54,12934953,OK,34.1
2026-09-14T02:36:59,12940042,OK,35.3
2026-09-14T02:37:04,12945121,OK,34.1
2026-09-14T02:37:09,12950585,OK,34.9
2026-09-14T02:37:15,12955841,OK,34.1
2026-09-14T02:37:20,12961027,OK,34.3
2026-09-14T02:37:25,12966265,OK,34.0
2026-09-14T02:37:30,12971387,OK,34.0
2026-09-14T02:37:35,12976579,OK,46.4
2026-09-14T02:37:41,12982011,OK,36.6
2026-09-14T02:37:46,12987090,OK,36.4
2026-09-14T02:37:51,12992568,OK,34.0
2026-09-14T02:37:56,12997805,OK,34.1
2026-09-14T02:38:02,13002914,OK,34.9
2026-09-14T02:38:07,13008122,OK,34.3
2026-09-14T02:38:12,13013640,OK,33.7
2026-09-14T02:38:17,13018899,OK,34.1
2026-09-14T02:38:23,13024011,OK,34.5
2026-09-14T02:38:28,13029161,OK,34.3
2026-09-14T02:38:33,13034253,OK,33.7
2026-09-14T02:38:38,13039329,OK,36.1
2026-09-14T02:38:43,13044593,OK,35.2
2026-09-14T02:38:48,13049714,OK,34.3
2026-09-14T02:38:54,13054834,OK,34.1
2026-09-14T02:38:59,13060034,OK,34.1
2026-09-14T02:39:04,13065657,OK,35.4
2026-09-14T02:39:09,13070735,OK,34.0
2026-09-14T02:39:14,13075813,OK,34.0
2026-09-14T02:39:19,13080880,OK,34.1
2026-09-14T02:39:25,13085964,OK,37.9
2026-09-14T02:39:30,13091084,OK,34.3
2026-09-14T02:39:35,13096160,OK,34.8
2026-09-14T02:39:40,13101277,OK,34.1
2026-09-14T02:39:45,13106345,OK,34.0
2026-09-14T02:39:50,13111421,OK,34.0
2026-09-14T02:39:55,13116498,OK,34.3
2026-09-14T02:40:00,13121629,OK,34.2
2026-09-14T02:40:05,13126721,OK,34.3
2026-09-14T02:40:11,13131841,OK,36.0
2026-09-14T02:40:16,13137050,OK,34.1
2026-09-14T02:40:21,13142473,OK,34.0
2026-09-14T02:40:27,13148090,OK,35.3
2026-09-14T02:40:32,13153362,OK,35.6
2026-09-14T02:40:37,13158463,OK,37.2
2026-09-14T02:40:42,13163533,OK,39.2
2026-09-14T02:40:47,13168619,OK,38.0
2026-09-14T02:40:52,13173722,OK,35.4
2026-09-14T02:40:57,13178843,OK,34.2
2026-09-14T02:41:03,13183953,OK,44.0
2026-09-14T02:41:08,13189049,OK,35.3
2026-09-14T02:41:14,13194682,OK,35.9
2026-09-14T02:41:19,13200314,OK,36.6
2026-09-14T02:41:24,13205409,OK,35.0
2026-09-14T02:41:30,13211066,OK,34.8
2026-09-14T02:41:35,13216144,OK,34.2
2026-09-14T02:41:40,13221221,OK,34.7
2026-09-14T02:41:45,13226458,OK,35.8
2026-09-14T02:41:50,13231527,OK,37.0
2026-09-14T02:41:55,13236610,OK,34.1
2026-09-14T02:42:01,13241694,OK,34.1
2026-09-14T02:42:06,13247316,OK,34.3
2026-09-14T02:42:11,13252393,OK,34.4
2026-09-14T02:42:16,13257496,OK,34.4
2026-09-14T02:42:21,13262606,OK,34.8
2026-09-14T02:42:26,13267726,OK,34.3
2026-09-14T02:42:32,13272896,OK,34.2
2026-09-14T02:42:37,13278549,OK,35.1
2026-09-14T02:42:43,13283992,OK,34.2
2026-09-14T02:42:48,13289238,OK,34.3
2026-09-14T02:42:53,13294351,OK,34.1
2026-09-14T02:42:58,13299427,OK,37.3
2026-09-14T02:43:04,13305071,OK,35.4
2026-09-14T02:43:09,13310703,OK,35.4
2026-09-14T02:43:15,13315818,OK,34.1
2026-09-14T02:43:20,13321455,OK,37.9
2026-09-14T02:43:26,13326897,OK,34.4
2026-09-14T02:43:31,13332614,OK,34.1
2026-09-14T02:43:36,13337694,OK,34.3
2026-09-14T02:43:41,13342816,OK,34.2
2026-09-14T02:43:48,13347917,OK,37.5
2026-09-14T02:43:54,13354979,OK,34.3
2026-09-14T02:43:59,13360093,OK,34.0
2026-09-14T02:44:04,13365212,OK,37.2
2026-09-14T02:44:09,13370345,OK,34.1
2026-09-14T02:44:14,13375463,OK,35.1
2026-09-14T02:44:19,13380548,OK,35.1
2026-09-14T02:44:24,13385626,OK,34.3
2026-09-14T02:44:29,13390740,OK,34.1
2026-09-14T02:44:34,13395832,OK,34.8
2026-09-14T02:44:40,13400950,OK,35.4
2026-09-14T02:44:45,13406028,OK,35.5
2026-09-14T02:44:50,13411670,OK,35.9
2026-09-14T02:44:56,13416795,OK,34.1
2026-09-14T02:45:01,13422232,OK,34.2
2026-09-14T02:45:06,13427850,OK,34.7
2026-09-14T02:45:12,13432935,OK,33.9
2026-09-14T02:45:17,13438019,OK,34.1
2026-09-14T02:45:22,13443139,OK,34.0
2026-09-14T02:45:27,13448255,OK,34.0
2026-09-14T02:45:32,13453480,OK,34.1
2026-09-14T02:45:37,13458632,OK,34.2
2026-09-14T02:45:42,13463722,OK,36.1
2026-09-14T02:45:47,13468842,OK,36.1
2026-09-14T02:45:53,13473962,OK,35.4
2026-09-14T02:45:58,13479111,OK,34.3
2026-09-14T02:46:03,13484202,OK,34.0
2026-09-14T02:46:08,13489322,OK,34.0
2026-09-14T02:46:13,13494398,OK,34.1
2026-09-14T02:46:19,13500043,OK,36.9
2026-09-14T02:46:25,13505675,OK,35.3
2026-09-14T02:46:30,13511307,OK,35.3
2026-09-14T02:46:36,13516939,OK,35.4
2026-09-14T02:46:41,13522381,OK,34.2
2026-09-14T02:46:46,13527618,OK,35.7
2026-09-14T02:46:51,13532714,OK,36.6
2026-09-14T02:46:56,13537793,OK,34.2
2026-09-14T02:47:01,13542878,OK,34.0
2026-09-14T02:47:07,13548008,OK,37.4
2026-09-14T02:47:12,13553118,OK,34.1
2026-09-14T02:47:17,13558219,OK,34.1
2026-09-14T02:47:22,13563839,OK,36.2
2026-09-14T02:47:28,13568910,OK,34.1
2026-09-14T02:47:33,13574097,OK,36.6
2026-09-14T02:47:40,13579711,OK,35.4
2026-09-14T02:47:46,13586940,OK,34.3
2026-09-14T02:47:51,13592030,OK,34.3
2026-09-14T02:47:56,13597150,OK,34.2
2026-09-14T02:48:01,13602260,OK,34.0
2026-09-14T02:48:07,13607871,OK,35.7
2026-09-14T02:48:12,13613021,OK,34.6
2026-09-14T02:48:17,13618142,OK,34.3
2026-09-14T02:48:22,13623264,OK,36.3
2026-09-14T02:48:27,13628345,OK,35.2
2026-09-14T02:48:32,13633495,OK,34.3
2026-09-14T02:48:38,13639104,OK,35.0
2026-09-14T02:48:44,13644735,OK,37.2
2026-09-14T02:48:49,13650187,OK,35.5
2026-09-14T02:48:54,13655795,OK,35.5
2026-09-14T02:48:59,13660873,OK,34.6
2026-09-14T02:49:05,13665964,OK,34.3
2026-09-14T02:49:10,13671174,OK,34.2
2026-09-14T02:49:16,13676787,OK,35.8
2026-09-14T02:49:21,13682069,OK,34.1
2026-09-14T02:49:26,13687165,OK,34.1
2026-09-14T02:49:31,13692282,OK,36.3
2026-09-14T02:49:36,13697421,OK,38.2
2026-09-14T02:49:41,13702521,OK,34.1
2026-09-14T02:49:48,13707642,OK,36.6
2026-09-14T02:49:53,13714739,OK,34.3
2026-09-14T02:49:58,13719828,OK,36.2
2026-09-14T02:50:04,13724947,OK,34.0
2026-09-14T02:50:09,13730077,OK,34.1
2026-09-14T02:50:14,13735187,OK,34.2
2026-09-14T02:50:19,13740264,OK,34.2
2026-09-14T02:50:25,13745908,OK,35.7
2026-09-14T02:50:30,13751540,OK,34.1
2026-09-14T02:50:35,13756792,OK,34.2
2026-09-14T02:50:41,13761926,OK,34.2
2026-09-14T02:50:46,13767044,OK,34.3
2026-09-14T02:50:51,13772154,OK,34.3
2026-09-14T02:50:56,13777273,OK,34.2
2026-09-14T02:51:01,13782505,OK,34.5
2026-09-14T02:51:06,13787617,OK,37.6
2026-09-14T02:51:12,13792917,OK,34.4
2026-09-14T02:51:17,13798335,OK,34.3
2026-09-14T02:51:22,13803590,OK,40.7
2026-09-14T02:51:28,13808673,OK,35.2
2026-09-14T02:51:33,13814312,OK,35.7
2026-09-14T02:51:38,13819764,OK,37.4
2026-09-14T02:51:43,13824891,OK,34.5
2026-09-14T02:51:49,13830011,OK,38.5
2026-09-14T02:51:54,13835082,OK,34.3
2026-09-14T02:51:59,13840731,OK,36.0
2026-09-14T02:52:04,13845809,OK,47.1
2026-09-14T02:52:10,13850901,OK,38.7
2026-09-14T02:52:15,13856103,OK,36.2
2026-09-14T02:52:20,13861723,OK,37.2
2026-09-14T02:52:25,13866803,OK,34.3
2026-09-14T02:52:31,13871871,OK,34.5
2026-09-14T02:52:36,13877493,OK,36.2
2026-09-14T02:52:41,13882572,OK,34.2
2026-09-14T02:52:47,13887649,OK,39.2
2026-09-14T02:52:52,13893263,OK,36.0
2026-09-14T02:52:57,13898515,OK,34.2
2026-09-14T02:53:03,13903592,OK,34.4
2026-09-14T02:53:08,13909237,OK,33.9
2026-09-14T02:53:13,13914314,OK,34.1
2026-09-14T02:53:18,13919488,OK,34.2
2026-09-14T02:53:23,13924566,OK,34.0
2026-09-14T02:53:28,13929644,OK,34.1
2026-09-14T02:53:33,13934721,OK,34.2
2026-09-14T02:53:38,13939808,OK,34.0
2026-09-14T02:53:44,13944886,OK,34.3
2026-09-14T02:53:49,13950605,OK,34.0
2026-09-14T02:53:54,13955682,OK,34.2
2026-09-14T02:54:00,13960759,OK,34.4
2026-09-14T02:54:05,13966188,OK,34.6
2026-09-14T02:54:10,13971282,OK,34.3
2026-09-14T02:54:15,13976360,OK,38.9
2026-09-14T02:54:20,13981441,OK,34.1
2026-09-14T02:54:25,13986518,OK,34.0
2026-09-14T02:54:30,13991627,OK,34.2
2026-09-14T02:54:35,13996720,OK,34.2
2026-09-14T02:54:40,14001840,OK,37.7
2026-09-14T02:54:46,14006961,OK,36.0
2026-09-14T02:54:51,14012075,OK,36.4
2026-09-14T02:54:56,14017200,OK,37.2
2026-09-14T02:55:01,14022350,OK,34.0
2026-09-14T02:55:06,14027450,OK,34.0
2026-09-14T02:55:11,14032561,OK,36.6
2026-09-14T02:55:17,14037762,OK,34.0
2026-09-14T02:55:22,14043383,OK,36.0
2026-09-14T02:55:29,14048665,OK,34.3
2026-09-14T02:55:34,14055582,OK,34.2
2026-09-14T02:55:40,14060799,OK,34.0
2026-09-14T02:55:45,14066253,OK,34.8
2026-09-14T02:55:50,14071371,OK,38.1
2026-09-14T02:55:55,14076506,OK,34.2
2026-09-14T02:56:00,14081622,OK,34.2
2026-09-14T02:56:05,14086698,OK,34.4
2026-09-14T02:56:10,14091776,OK,34.4
2026-09-14T02:56:16,14096958,OK,34.3
2026-09-14T02:56:22,14102571,OK,34.4
2026-09-14T02:56:27,14108203,OK,35.9
2026-09-14T02:56:32,14113282,OK,34.2
2026-09-14T02:56:37,14118372,OK,34.8
2026-09-14T02:56:42,14123449,OK,34.1
2026-09-14T02:56:47,14128529,OK,37.6
2026-09-14T02:56:52,14133630,OK,34.1
2026-09-14T02:56:57,14138752,OK,35.2
2026-09-14T02:57:02,14143870,OK,34.4
2026-09-14T02:57:08,14148994,OK,33.5
2026-09-14T02:57:13,14154080,OK,39.2
2026-09-14T02:57:18,14159331,OK,34.2
2026-09-14T02:57:23,14164463,OK,34.1
2026-09-14T02:57:28,14169573,OK,34.1
2026-09-14T02:57:33,14174693,OK,35.9
2026-09-14T02:57:38,14179817,OK,34.7
2026-09-14T02:57:44,14184894,OK,38.1
2026-09-14T02:57:49,14190154,OK,37.1
2026-09-14T02:57:54,14195276,OK,34.2
2026-09-14T02:57:59,14200396,OK,34.3
2026-09-14T02:58:06,14205516,OK,34.0
2026-09-14T02:58:11,14212605,OK,36.3
2026-09-14T02:58:17,14217782,OK,34.2
2026-09-14T02:58:22,14223024,OK,34.6
2026-09-14T02:58:27,14228186,OK,34.5
2026-09-14T02:58:32,14233479,OK,34.1
2026-09-14T02:58:38,14238556,OK,34.7
2026-09-14T02:58:43,14244192,OK,35.8
2026-09-14T02:58:48,14249271,OK,34.1
2026-09-14T02:58:53,14254461,OK,34.9
2026-09-14T02:58:58,14259584,OK,34.5
2026-09-14T02:59:03,14264704,OK,34.1
2026-09-14T02:59:09,14269781,OK,34.0
2026-09-14T02:59:14,14275234,OK,34.2
2026-09-14T02:59:19,14280661,OK,34.3
2026-09-14T02:59:24,14285738,OK,34.1
2026-09-14T02:59:29,14290816,OK,34.2
2026-09-14T02:59:35,14295936,OK,34.2
2026-09-14T02:59:40,14301057,OK,35.8
2026-09-14T02:59:45,14306176,OK,34.1
2026-09-14T02:59:50,14311296,OK,34.1
2026-09-14T02:59:55,14316497,OK,34.2
2026-09-14T03:00:01,14321588,OK,40.5
2026-09-14T03:00:06,14327239,OK,37.0
2026-09-14T03:00:11,14332321,OK,34.2
2026-09-14T03:00:16,14337408,OK,34.3
2026-09-14T03:00:21,14342529,OK,37.0
2026-09-14T03:00:26,14347609,OK,38.6
2026-09-14T03:00:31,14352701,OK,34.2
2026-09-14T03:00:36,14357789,OK,34.0
2026-09-14T03:00:41,14362907,OK,34.0
2026-09-14T03:00:47,14367984,OK,34.1
2026-09-14T03:00:52,14373627,OK,35.9
2026-09-14T03:00:57,14378706,OK,35.6
2026-09-14T03:01:02,14383796,OK,34.3
2026-09-14T03:01:08,14388946,OK,35.4
2026-09-14T03:01:13,14394114,OK,34.7
2026-09-14T03:01:18,14399739,OK,39.0
2026-09-14T03:01:24,14404840,OK,37.1
2026-09-14T03:01:29,14410201,OK,34.2
2026-09-14T03:01:34,14415439,OK,36.4
2026-09-14T03:01:39,14420508,OK,40.3
2026-09-14T03:01:44,14425607,OK,34.2
2026-09-14T03:01:49,14430696,OK,34.2
2026-09-14T03:01:54,14435773,OK,34.2
2026-09-14T03:01:59,14440845,OK,34.0
2026-09-14T03:02:05,14445954,OK,34.1
2026-09-14T03:02:10,14451154,OK,34.1
2026-09-14T03:02:16,14456777,OK,35.6
2026-09-14T03:02:21,14462029,OK,35.1
2026-09-14T03:02:26,14467151,OK,34.1
2026-09-14T03:02:32,14472664,OK,34.2
2026-09-14T03:02:37,14478281,OK,36.3
2026-09-14T03:02:43,14483913,OK,34.0
2026-09-14T03:02:48,14489545,OK,36.0
2026-09-14T03:02:54,14494997,OK,36.7
2026-09-14T03:02:59,14500224,OK,37.3
2026-09-14T03:03:04,14505356,OK,34.4
2026-09-14T03:03:09,14510433,OK,34.6
2026-09-14T03:03:14,14515511,OK,34.2
2026-09-14T03:03:19,14520588,OK,34.2
2026-09-14T03:03:25,14525665,OK,37.1
2026-09-14T03:03:30,14531325,OK,35.7
2026-09-14T03:03:35,14536403,OK,35.1
2026-09-14T03:03:40,14541495,OK,38.0
2026-09-14T03:03:45,14546615,OK,36.6
2026-09-14T03:03:52,14551734,OK,34.1
2026-09-14T03:03:57,14558832,OK,34.2
2026-09-14T03:04:03,14563908,OK,34.3
2026-09-14T03:04:08,14569317,OK,34.6
2026-09-14T03:04:14,14574948,OK,35.8
2026-09-14T03:04:19,14580580,OK,35.7
2026-09-14T03:04:24,14585832,OK,40.1
2026-09-14T03:04:31,14590984,OK,34.1
2026-09-14T03:04:36,14597383,OK,34.2
2026-09-14T03:04:41,14602634,OK,34.2
2026-09-14T03:04:46,14607710,OK,35.8
2026-09-14T03:04:52,14612978,OK,34.2
2026-09-14T03:04:57,14618055,OK,35.0
2026-09-14T03:05:02,14623400,OK,34.1
2026-09-14T03:05:08,14629015,OK,34.1
2026-09-14T03:05:14,14634647,OK,34.1
2026-09-14T03:05:19,14640280,OK,35.6
2026-09-14T03:05:25,14645912,OK,35.7
2026-09-14T03:05:30,14651354,OK,34.5
2026-09-14T03:05:35,14656441,OK,35.7
2026-09-14T03:05:41,14661901,OK,34.3
2026-09-14T03:05:46,14667518,OK,34.0
2026-09-14T03:05:52,14672970,OK,35.1
2026-09-14T03:05:58,14678578,OK,35.7
2026-09-14T03:06:03,14684210,OK,34.5
2026-09-14T03:06:09,14689842,OK,34.4
2026-09-14T03:06:14,14695095,OK,39.7
2026-09-14T03:06:19,14700216,OK,34.9
2026-09-14T03:06:24,14705336,OK,34.4
2026-09-14T03:06:29,14710455,OK,34.1
2026-09-14T03:06:34,14715607,OK,34.3
2026-09-14T03:06:40,14720689,OK,36.2
2026-09-14T03:06:45,14726297,OK,34.5
2026-09-14T03:06:50,14731549,OK,37.3
2026-09-14T03:06:55,14736677,OK,34.2
2026-09-14T03:07:01,14741781,OK,34.8
2026-09-14T03:07:06,14747391,OK,34.3
2026-09-14T03:07:12,14753023,OK,34.5
2026-09-14T03:07:17,14758100,OK,36.8
2026-09-14T03:07:22,14763192,OK,36.0
2026-09-14T03:07:27,14768313,OK,35.1
2026-09-14T03:07:32,14773391,OK,38.3
2026-09-14T03:07:37,14778490,OK,34.4
2026-09-14T03:07:43,14784008,OK,34.6
2026-09-14T03:07:48,14789085,OK,34.3
2026-09-14T03:07:54,14794521,OK,37.0
2026-09-14T03:07:59,14800128,OK,34.3
2026-09-14T03:08:05,14805760,OK,34.3
2026-09-14T03:08:10,14811012,OK,34.1
2026-09-14T03:08:15,14816144,OK,34.2
2026-09-14T03:08:20,14821255,OK,35.3
2026-09-14T03:08:25,14826464,OK,34.0
2026-09-14T03:08:31,14831887,OK,35.3
2026-09-14T03:08:36,14837124,OK,33.6
2026-09-14T03:08:41,14842200,OK,40.4
2026-09-14T03:08:46,14847566,OK,36.5
2026-09-14T03:08:51,14852655,OK,38.3
2026-09-14T03:08:56,14857912,OK,34.3
2026-09-14T03:09:02,14862989,OK,35.2
2026-09-14T03:09:07,14868634,OK,34.4
2026-09-14T03:09:12,14873711,OK,34.6
2026-09-14T03:09:17,14878804,OK,36.4
2026-09-14T03:09:23,14883954,OK,34.0
2026-09-14T03:09:28,14889130,OK,34.2
2026-09-14T03:09:33,14894456,OK,34.1
2026-09-14T03:09:38,14899533,OK,35.9
2026-09-14T03:09:43,14904613,OK,34.3
2026-09-14T03:09:48,14909730,OK,35.2
2026-09-14T03:09:53,14914849,OK,36.1
2026-09-14T03:09:59,14919969,OK,35.2
2026-09-14T03:10:04,14925119,OK,34.4
2026-09-14T03:10:09,14930209,OK,34.3
2026-09-14T03:10:14,14935329,OK,34.2
2026-09-14T03:10:19,14940440,OK,40.0
2026-09-14T03:10:24,14945523,OK,39.3
2026-09-14T03:10:30,14950980,OK,34.1
2026-09-14T03:10:35,14956407,OK,35.3
2026-09-14T03:10:41,14962024,OK,34.9
2026-09-14T03:10:46,14967296,OK,34.0
2026-09-14T03:10:51,14972374,OK,34.1
2026-09-14T03:10:57,14977456,OK,34.2
2026-09-14T03:11:02,14983119,OK,34.7
2026-09-14T03:11:07,14988226,OK,39.3
2026-09-14T03:11:12,14993481,OK,34.7
2026-09-14T03:11:18,14999093,OK,35.9
2026-09-14T03:11:24,15004725,OK,34.5
2026-09-14T03:11:29,15010067,OK,33.8
2026-09-14T03:11:34,15015143,OK,36.8
2026-09-14T03:11:39,15020224,OK,34.0
2026-09-14T03:11:44,15025341,OK,35.2
2026-09-14T03:11:49,15030461,OK,34.9
2026-09-14T03:11:55,15035569,OK,34.2
2026-09-14T03:12:00,15041180,OK,36.3
2026-09-14T03:12:06,15046812,OK,34.5
2026-09-14T03:12:11,15052065,OK,34.1
2026-09-14T03:12:16,15057277,OK,35.1
2026-09-14T03:12:22,15062889,OK,34.7
2026-09-14T03:12:27,15068521,OK,34.7
2026-09-14T03:12:33,15073628,OK,34.1
2026-09-14T03:12:38,15079273,OK,34.7
2026-09-14T03:12:44,15084716,OK,34.4
2026-09-14T03:12:49,15090333,OK,34.8
2026-09-14T03:12:55,15095965,OK,35.4
2026-09-14T03:13:01,15101597,OK,34.7
2026-09-14T03:13:06,15107229,OK,36.1
2026-09-14T03:13:11,15112308,OK,34.3
2026-09-14T03:13:16,15117398,OK,34.2
2026-09-14T03:13:21,15122475,OK,35.5
2026-09-14T03:13:27,15127928,OK,37.1
2026-09-14T03:13:32,15133356,OK,35.9
2026-09-14T03:13:38,15138973,OK,35.5
2026-09-14T03:13:43,15144225,OK,34.0
2026-09-14T03:13:50,15149312,OK,34.0
2026-09-14T03:13:55,15156547,OK,34.2
2026-09-14T03:14:00,15161726,OK,34.2
2026-09-14T03:14:05,15166805,OK,34.0
2026-09-14T03:14:11,15171976,OK,34.2
2026-09-14T03:14:16,15177198,OK,38.9
2026-09-14T03:14:21,15182321,OK,36.8
2026-09-14T03:14:28,15187441,OK,37.9
2026-09-14T03:14:33,15194539,OK,37.1
2026-09-14T03:14:38,15199627,OK,37.2
2026-09-14T03:14:43,15204746,OK,34.0
2026-09-14T03:14:48,15209866,OK,34.1
2026-09-14T03:14:54,15214986,OK,34.2
2026-09-14T03:14:59,15220137,OK,35.7
2026-09-14T03:15:04,15225227,OK,34.1
2026-09-14T03:15:09,15230347,OK,34.1
2026-09-14T03:15:14,15235423,OK,37.1
2026-09-14T03:15:19,15240574,OK,34.4
2026-09-14T03:15:24,15245650,OK,34.8
2026-09-14T03:15:29,15250727,OK,34.1
2026-09-14T03:15:34,15255804,OK,34.3
2026-09-14T03:15:40,15260952,OK,34.3
2026-09-14T03:15:45,15266029,OK,34.2
2026-09-14T03:15:50,15271105,OK,34.6
2026-09-14T03:15:55,15276182,OK,35.1
2026-09-14T03:16:00,15281268,OK,35.8
2026-09-14T03:16:05,15286387,OK,35.0
2026-09-14T03:16:10,15291575,OK,34.1
2026-09-14T03:16:15,15296803,OK,34.2
2026-09-14T03:16:21,15301925,OK,34.2
2026-09-14T03:16:28,15307045,OK,34.1
2026-09-14T03:16:33,15314143,OK,34.9
2026-09-14T03:16:38,15319232,OK,35.2
2026-09-14T03:16:43,15324361,OK,37.7
2026-09-14T03:16:48,15329471,OK,34.5
2026-09-14T03:16:54,15334548,OK,34.1
2026-09-14T03:16:59,15340192,OK,35.4
2026-09-14T03:17:05,15345824,OK,38.4
2026-09-14T03:17:10,15351076,OK,34.2
2026-09-14T03:17:15,15356198,OK,34.5
2026-09-14T03:17:20,15361275,OK,35.7
2026-09-14T03:17:26,15366918,OK,34.0
2026-09-14T03:17:31,15372170,OK,34.1
2026-09-14T03:17:36,15377302,OK,34.2
2026-09-14T03:17:41,15382414,OK,38.2
2026-09-14T03:17:46,15387615,OK,34.4
2026-09-14T03:17:51,15392722,OK,34.5
2026-09-14T03:17:56,15397800,OK,36.9
2026-09-14T03:18:02,15402902,OK,34.3
2026-09-14T03:18:07,15408043,OK,34.3
2026-09-14T03:18:12,15413230,OK,34.1
2026-09-14T03:18:17,15418347,OK,35.1
2026-09-14T03:18:23,15423956,OK,38.2
2026-09-14T03:18:28,15429397,OK,34.7
2026-09-14T03:18:34,15434825,OK,38.5
2026-09-14T03:18:39,15440262,OK,40.2
2026-09-14T03:18:44,15445389,OK,34.1
2026-09-14T03:18:49,15450465,OK,34.2
2026-09-14T03:18:54,15455542,OK,34.2
2026-09-14T03:18:59,15460657,OK,34.5
2026-09-14T03:19:04,15465767,OK,34.0
2026-09-14T03:19:09,15470887,OK,34.2
2026-09-14T03:19:15,15476007,OK,34.2
2026-09-14T03:19:20,15481084,OK,34.3
2026-09-14T03:19:25,15486248,OK,34.0
2026-09-14T03:19:30,15491378,OK,34.1
2026-09-14T03:19:35,15496489,OK,34.1
2026-09-14T03:19:41,15501566,OK,34.5
2026-09-14T03:19:46,15507108,OK,34.0
2026-09-14T03:19:52,15512184,OK,34.1
2026-09-14T03:19:57,15518471,OK,35.0
2026-09-14T03:20:02,15523560,OK,41.6
2026-09-14T03:20:07,15528648,OK,34.1
2026-09-14T03:20:12,15533761,OK,34.3
2026-09-14T03:20:17,15538911,OK,34.3
2026-09-14T03:20:23,15544011,OK,34.3
2026-09-14T03:20:28,15549121,OK,34.0
2026-09-14T03:20:33,15554322,OK,34.1
2026-09-14T03:20:38,15559755,OK,35.9
2026-09-14T03:20:46,15564992,OK,38.1
2026-09-14T03:20:51,15572092,OK,34.3
2026-09-14T03:20:56,15577179,OK,34.2
2026-09-14T03:21:01,15582299,OK,38.3
2026-09-14T03:21:06,15587380,OK,33.3
2026-09-14T03:21:11,15592526,OK,34.1
2026-09-14T03:21:16,15597760,OK,34.2
2026-09-14T03:21:22,15602883,OK,38.5
2026-09-14T03:21:27,15608092,OK,34.1
2026-09-14T03:21:32,15613325,OK,34.2
2026-09-14T03:21:37,15618403,OK,33.9
2026-09-14T03:21:42,15623481,OK,34.1
2026-09-14T03:21:47,15628595,OK,34.3
2026-09-14T03:21:52,15633705,OK,34.2
2026-09-14T03:21:58,15638915,OK,34.1
2026-09-14T03:22:04,15644529,OK,49.3
2026-09-14T03:22:09,15650160,OK,45.1
2026-09-14T03:22:14,15655412,OK,34.4
2026-09-14T03:22:20,15660574,OK,40.5
2026-09-14T03:22:25,15666047,OK,35.3
2026-09-14T03:22:30,15671149,OK,34.7
2026-09-14T03:22:35,15676444,OK,34.8
2026-09-14T03:22:40,15681526,OK,35.2
2026-09-14T03:22:45,15686646,OK,34.1
2026-09-14T03:22:51,15691847,OK,34.2
2026-09-14T03:22:56,15697179,OK,33.7
2026-09-14T03:23:01,15702257,OK,34.7
2026-09-14T03:23:07,15707724,OK,34.0
2026-09-14T03:23:12,15713134,OK,34.2
2026-09-14T03:23:18,15718589,OK,34.0
2026-09-14T03:23:23,15724206,OK,35.2
2026-09-14T03:23:29,15729828,OK,38.3
2026-09-14T03:23:34,15735460,OK,33.9
2026-09-14T03:23:39,15740712,OK,35.9
2026-09-14T03:23:45,15745934,OK,34.1
2026-09-14T03:23:50,15751058,OK,39.1
2026-09-14T03:23:55,15756176,OK,34.2
2026-09-14T03:24:00,15761336,OK,37.4
2026-09-14T03:24:05,15766620,OK,34.1
2026-09-14T03:24:11,15771781,OK,35.6
2026-09-14T03:24:16,15777445,OK,37.8
2026-09-14T03:24:22,15783077,OK,43.3
2026-09-14T03:24:27,15788708,OK,37.3
2026-09-14T03:24:33,15793971,OK,34.2
2026-09-14T03:24:38,15799082,OK,34.3
2026-09-14T03:24:43,15804243,OK,35.0
2026-09-14T03:24:48,15809332,OK,34.1
2026-09-14T03:24:53,15814443,OK,37.5
2026-09-14T03:24:58,15819563,OK,33.4
2026-09-14T03:25:03,15824641,OK,36.6
2026-09-14T03:25:08,15829921,OK,34.1
2026-09-14T03:25:14,15835008,OK,34.2
2026-09-14T03:25:19,15840626,OK,36.5
2026-09-14T03:25:24,15845706,OK,38.5
2026-09-14T03:25:29,15850795,OK,34.2
2026-09-14T03:25:35,15856006,OK,36.2
2026-09-14T03:25:40,15861085,OK,34.2
2026-09-14T03:25:46,15866738,OK,38.3
2026-09-14T03:25:51,15872020,OK,35.4
2026-09-14T03:25:56,15877098,OK,35.6
2026-09-14T03:26:02,15882523,OK,34.1
2026-09-14T03:26:07,15888140,OK,37.5
2026-09-14T03:26:12,15893221,OK,34.2
2026-09-14T03:26:17,15898298,OK,34.7
2026-09-14T03:26:22,15903720,OK,34.0
2026-09-14T03:26:28,15908798,OK,36.7
2026-09-14T03:26:33,15914267,OK,34.2
2026-09-14T03:26:39,15919985,OK,34.2
2026-09-14T03:26:45,15925619,OK,37.1
2026-09-14T03:26:50,15931252,OK,35.6
2026-09-14T03:26:56,15936693,OK,34.2
2026-09-14T03:27:01,15942310,OK,37.5
2026-09-14T03:27:07,15947943,OK,36.6
2026-09-14T03:27:14,15953195,OK,34.2
2026-09-14T03:27:19,15960260,OK,34.0
2026-09-14T03:27:24,15965339,OK,34.1
2026-09-14T03:27:30,15970983,OK,36.4
2026-09-14T03:27:37,15976615,OK,36.6
2026-09-14T03:27:43,15983704,OK,34.3
2026-09-14T03:27:48,15989313,OK,36.1
2026-09-14T03:27:54,15994945,OK,39.7
2026-09-14T03:28:00,16000576,OK,37.3
2026-09-14T03:28:05,16006019,OK,34.1
2026-09-14T03:28:10,16011536,OK,34.2
2026-09-14T03:28:15,16016816,OK,34.0
2026-09-14T03:28:20,16021908,OK,34.0
2026-09-14T03:28:26,16026988,OK,34.0
2026-09-14T03:28:31,16032629,OK,36.0
2026-09-14T03:28:36,16037710,OK,34.0
2026-09-14T03:28:42,16042790,OK,34.1
2026-09-14T03:28:47,16048118,OK,35.1
2026-09-14T03:28:52,16053243,OK,34.2
2026-09-14T03:28:57,16058365,OK,35.4
2026-09-14T03:29:02,16063453,OK,40.9
2026-09-14T03:29:07,16068604,OK,39.1
2026-09-14T03:29:13,16073813,OK,38.7
2026-09-14T03:29:18,16079426,OK,36.2
2026-09-14T03:29:23,16084506,OK,36.0
2026-09-14T03:29:28,16089635,OK,34.5
2026-09-14T03:29:33,16094715,OK,34.2
2026-09-14T03:29:39,16099935,OK,34.0
2026-09-14T03:29:44,16105012,OK,34.2
2026-09-14T03:29:49,16110508,OK,34.1
2026-09-14T03:29:54,16115605,OK,34.2
2026-09-14T03:29:59,16120725,OK,34.1
2026-09-14T03:30:04,16125802,OK,35.3
2026-09-14T03:30:09,16130870,OK,34.9
2026-09-14T03:30:15,16135947,OK,34.2
2026-09-14T03:30:20,16141086,OK,34.1
2026-09-14T03:30:25,16146213,OK,34.1
2026-09-14T03:30:30,16151323,OK,34.2
2026-09-14T03:30:35,16156753,OK,34.2
2026-09-14T03:30:41,16161990,OK,35.0
2026-09-14T03:30:46,16167203,OK,35.4
2026-09-14T03:30:51,16172625,OK,34.0
2026-09-14T03:30:57,16177864,OK,34.3
2026-09-14T03:31:02,16183025,OK,34.4
2026-09-14T03:31:07,16188309,OK,34.6
2026-09-14T03:31:12,16193439,OK,35.0
2026-09-14T03:31:17,16198551,OK,36.8
2026-09-14T03:31:22,16203671,OK,36.8
2026-09-14T03:31:27,16208792,OK,36.4
2026-09-14T03:31:33,16213911,OK,37.5
2026-09-14T03:31:40,16219032,OK,35.9
2026-09-14T03:31:45,16226130,OK,35.5
2026-09-14T03:31:50,16231216,OK,34.2
2026-09-14T03:31:55,16236424,OK,34.0
2026-09-14T03:32:00,16241649,OK,36.1
2026-09-14T03:32:05,16246879,OK,34.1
2026-09-14T03:32:11,16252003,OK,34.2
2026-09-14T03:32:16,16257213,OK,34.5
2026-09-14T03:32:22,16262826,OK,34.0
2026-09-14T03:32:27,16268268,OK,34.2
2026-09-14T03:32:32,16273380,OK,36.3
2026-09-14T03:32:38,16278816,OK,34.0
2026-09-14T03:32:43,16284242,OK,35.3
2026-09-14T03:32:48,16289479,OK,34.2
2026-09-14T03:32:54,16294692,OK,35.0
2026-09-14T03:32:59,16300406,OK,34.0
2026-09-14T03:33:04,16305492,OK,34.1
2026-09-14T03:33:09,16310578,OK,40.9
2026-09-14T03:33:14,16315696,OK,34.0
2026-09-14T03:33:19,16320816,OK,34.3
2026-09-14T03:33:25,16325937,OK,49.7
2026-09-14T03:33:30,16331057,OK,34.3
2026-09-14T03:33:35,16336208,OK,34.2
2026-09-14T03:33:40,16341299,OK,35.8
2026-09-14T03:33:45,16346416,OK,34.2
2026-09-14T03:33:50,16351529,OK,34.7
2026-09-14T03:33:56,16356606,OK,48.5
2026-09-14T03:34:01,16362068,OK,34.4
2026-09-14T03:34:07,16367785,OK,34.1
2026-09-14T03:34:12,16373419,OK,34.3
2026-09-14T03:34:17,16378691,OK,34.1
2026-09-14T03:34:23,16383873,OK,34.7
2026-09-14T03:34:28,16389306,OK,33.7
2026-09-14T03:34:33,16394392,OK,40.9
2026-09-14T03:34:39,16400043,OK,34.2
2026-09-14T03:34:44,16405295,OK,34.1
2026-09-14T03:34:50,16410898,OK,34.1
2026-09-14T03:34:57,16416630,OK,35.2
2026-09-14T03:35:02,16423687,OK,34.1
2026-09-14T03:35:07,16428764,OK,34.1
2026-09-14T03:35:12,16433868,OK,34.7
2026-09-14T03:35:18,16438987,OK,34.2
2026-09-14T03:35:23,16444111,OK,35.2
2026-09-14T03:35:28,16449188,OK,34.7
2026-09-14T03:35:33,16454334,OK,37.4
2026-09-14T03:35:39,16459650,OK,35.4
2026-09-14T03:35:44,16465373,OK,34.1
2026-09-14T03:35:49,16470627,OK,34.3
2026-09-14T03:35:54,16475749,OK,34.1
2026-09-14T03:36:00,16480826,OK,34.0
2026-09-14T03:36:05,16486280,OK,34.1
2026-09-14T03:36:11,16491607,OK,37.2
2026-09-14T03:36:16,16497032,OK,34.3
2026-09-14T03:36:21,16502269,OK,34.1
2026-09-14T03:36:26,16507392,OK,34.1
2026-09-14T03:36:31,16512468,OK,34.1
2026-09-14T03:36:36,16517922,OK,34.0
2026-09-14T03:36:42,16523010,OK,34.0
2026-09-14T03:36:47,16528091,OK,35.5
2026-09-14T03:36:52,16533196,OK,34.0
2026-09-14T03:36:57,16538272,OK,34.0
2026-09-14T03:37:02,16543370,OK,34.1
2026-09-14T03:37:07,16548455,OK,33.5
2026-09-14T03:37:13,16553531,OK,34.1
2026-09-14T03:37:18,16559175,OK,34.1
2026-09-14T03:37:23,16564281,OK,34.9
2026-09-14T03:37:29,16570027,OK,39.3
2026-09-14T03:37:34,16575471,OK,34.1
2026-09-14T03:37:40,16580549,OK,37.4
2026-09-14T03:37:45,16586218,OK,35.4
2026-09-14T03:37:51,16591651,OK,34.9
2026-09-14T03:37:56,16597078,OK,34.2
2026-09-14T03:38:03,16602315,OK,34.1
2026-09-14T03:38:08,16609406,OK,34.5
2026-09-14T03:38:13,16614503,OK,34.2
2026-09-14T03:38:18,16619633,OK,35.8
2026-09-14T03:38:23,16624743,OK,34.3
2026-09-14T03:38:28,16629863,OK,34.1
2026-09-14T03:38:34,16634993,OK,36.7
2026-09-14T03:38:39,16640103,OK,34.0
2026-09-14T03:38:44,16645224,OK,34.1
2026-09-14T03:38:49,16650300,OK,34.1
2026-09-14T03:38:54,16655378,OK,40.0
2026-09-14T03:39:01,16660560,OK,33.7
2026-09-14T03:39:06,16667614,OK,34.3
2026-09-14T03:39:12,16672722,OK,36.1
2026-09-14T03:39:17,16678070,OK,34.2
2026-09-14T03:39:22,16683504,OK,34.0
2026-09-14T03:39:28,16688582,OK,34.1
2026-09-14T03:39:33,16694242,OK,34.2
2026-09-14T03:39:39,16699974,OK,39.4
2026-09-14T03:39:44,16705228,OK,34.5
2026-09-14T03:39:49,16710305,OK,37.6
2026-09-14T03:39:54,16715571,OK,34.2
2026-09-14T03:40:01,16720693,OK,34.3
2026-09-14T03:40:06,16727791,OK,34.1
2026-09-14T03:40:12,16732918,OK,34.0
2026-09-14T03:40:17,16738374,OK,34.9
2026-09-14T03:40:22,16743819,OK,34.1
2026-09-14T03:40:28,16748905,OK,39.3
2026-09-14T03:40:33,16754266,OK,35.4
2026-09-14T03:40:38,16759501,OK,34.2
2026-09-14T03:40:43,16764734,OK,36.3
2026-09-14T03:40:50,16769845,OK,34.1
2026-09-14T03:40:56,16776935,OK,34.2
2026-09-14T03:41:01,16782036,OK,35.8
2026-09-14T03:41:06,16787162,OK,46.3
2026-09-14T03:41:11,16792250,OK,35.1
2026-09-14T03:41:18,16797482,OK,36.0
2026-09-14T03:41:24,16804539,OK,35.0
2026-09-14T03:41:29,16810260,OK,35.1
2026-09-14T03:41:34,16815351,OK,34.7
2026-09-14T03:41:39,16820635,OK,34.2
2026-09-14T03:41:45,16825724,OK,34.3
2026-09-14T03:41:50,16831168,OK,41.2
2026-09-14T03:41:56,16836785,OK,36.4
2026-09-14T03:42:01,16842416,OK,34.0
2026-09-14T03:42:07,16848048,OK,34.0
2026-09-14T03:42:12,16853125,OK,34.1
2026-09-14T03:42:17,16858212,OK,34.2
2026-09-14T03:42:22,16863450,OK,36.3
2026-09-14T03:42:27,16868561,OK,34.1
2026-09-14T03:42:33,16873647,OK,34.4
2026-09-14T03:42:38,16879281,OK,34.0
2026-09-14T03:42:44,16885013,OK,35.9
2026-09-14T03:42:50,16890458,OK,35.1
2026-09-14T03:42:55,16896185,OK,33.9
2026-09-14T03:43:01,16901629,OK,34.2
2026-09-14T03:43:06,16907137,OK,34.2
2026-09-14T03:43:11,16912251,OK,34.0
2026-09-14T03:43:16,16917331,OK,34.4
2026-09-14T03:43:21,16922413,OK,34.5
2026-09-14T03:43:27,16927844,OK,34.3
2026-09-14T03:43:32,16933071,OK,34.1
2026-09-14T03:43:37,16938147,OK,34.3
2026-09-14T03:43:43,16943794,OK,34.3
2026-09-14T03:43:48,16949236,OK,41.6
2026-09-14T03:43:54,16954663,OK,41.5
2026-09-14T03:43:59,16960280,OK,34.0
2026-09-14T03:44:04,16965532,OK,34.8
2026-09-14T03:44:09,16970629,OK,37.4
2026-09-14T03:44:15,16975975,OK,33.9
2026-09-14T03:44:20,16981182,OK,34.8
2026-09-14T03:44:25,16986269,OK,37.0
2026-09-14T03:44:31,16991732,OK,41.3
2026-09-14T03:44:36,16997350,OK,34.2
2026-09-14T03:44:41,17002602,OK,34.0
2026-09-14T03:44:47,17007814,OK,35.9
2026-09-14T03:44:52,17013427,OK,34.1
2026-09-14T03:44:58,17019059,OK,35.3
2026-09-14T03:45:05,17024631,OK,37.3
2026-09-14T03:45:10,17031692,OK,34.1
2026-09-14T03:45:17,17036817,OK,37.8
2026-09-14T03:45:23,17043904,OK,34.1
2026-09-14T03:45:28,17049081,OK,37.2
2026-09-14T03:45:33,17054794,OK,36.9
2026-09-14T03:45:40,17059874,OK,34.3
2026-09-14T03:45:46,17066944,OK,34.5
2026-09-14T03:45:51,17072062,OK,34.2
2026-09-14T03:45:58,17077287,OK,34.6
2026-09-14T03:46:03,17084353,OK,34.3
2026-09-14T03:46:08,17089445,OK,34.1
2026-09-14T03:46:13,17094522,OK,35.4
2026-09-14T03:46:19,17099981,OK,37.0
2026-09-14T03:46:24,17105107,OK,34.3
2026-09-14T03:46:29,17110268,OK,35.4
2026-09-14T03:46:35,17115750,OK,34.2
2026-09-14T03:46:40,17121357,OK,34.2
2026-09-14T03:46:45,17126610,OK,34.1
2026-09-14T03:46:50,17131732,OK,34.2
2026-09-14T03:46:55,17136852,OK,34.0
2026-09-14T03:47:01,17141929,OK,34.0
2026-09-14T03:47:06,17147382,OK,41.1
2026-09-14T03:47:11,17152471,OK,35.0
2026-09-14T03:47:16,17157739,OK,34.2
2026-09-14T03:47:22,17162942,OK,33.9
2026-09-14T03:47:27,17168021,OK,34.4
2026-09-14T03:47:32,17173395,OK,37.5
2026-09-14T03:47:38,17179009,OK,34.8
2026-09-14T03:47:43,17184451,OK,36.6
2026-09-14T03:47:48,17189689,OK,34.2
2026-09-14T03:47:53,17194811,OK,40.2
2026-09-14T03:47:59,17199910,OK,34.0
2026-09-14T03:48:04,17205532,OK,36.1
2026-09-14T03:48:09,17210612,OK,34.2
2026-09-14T03:48:14,17215689,OK,37.8
2026-09-14T03:48:20,17220921,OK,34.3
2026-09-14T03:48:25,17226044,OK,34.1
2026-09-14T03:48:30,17231243,OK,34.1
2026-09-14T03:48:35,17236676,OK,34.1
2026-09-14T03:48:41,17241756,OK,35.4
2026-09-14T03:48:46,17247233,OK,34.2
2026-09-14T03:48:52,17252841,OK,34.3
2026-09-14T03:48:57,17258093,OK,34.3
2026-09-14T03:49:02,17263365,OK,34.1
2026-09-14T03:49:08,17269020,OK,34.2
2026-09-14T03:49:13,17274096,OK,34.0
2026-09-14T03:49:18,17279189,OK,34.4
2026-09-14T03:49:23,17284310,OK,33.5
2026-09-14T03:49:28,17289387,OK,34.1
2026-09-14T03:49:33,17294649,OK,34.2
2026-09-14T03:49:39,17299862,OK,34.0
2026-09-14T03:49:44,17305475,OK,34.1
2026-09-14T03:49:50,17310917,OK,35.3
2026-09-14T03:49:55,17316344,OK,38.8
2026-09-14T03:50:00,17321426,OK,34.1
2026-09-14T03:50:06,17327082,OK,34.3
2026-09-14T03:50:11,17332164,OK,34.3
2026-09-14T03:50:17,17337834,OK,36.4
2026-09-14T03:50:22,17343276,OK,37.9
2026-09-14T03:50:27,17348513,OK,34.2
2026-09-14T03:50:33,17353589,OK,37.1
2026-09-14T03:50:38,17359075,OK,38.3
2026-09-14T03:50:43,17364182,OK,34.4
2026-09-14T03:50:48,17369259,OK,34.7
2026-09-14T03:50:54,17374905,OK,34.2
2026-09-14T03:51:00,17380535,OK,36.8
2026-09-14T03:51:05,17386087,OK,34.4
2026-09-14T03:51:10,17391190,OK,36.1
2026-09-14T03:51:16,17396437,OK,34.3
2026-09-14T03:51:21,17402142,OK,34.8
2026-09-14T03:51:26,17407583,OK,36.6
2026-09-14T03:51:32,17413001,OK,36.5
2026-09-14T03:51:37,17418248,OK,34.2
2026-09-14T03:51:42,17423325,OK,34.1
2026-09-14T03:51:47,17428591,OK,34.4
2026-09-14T03:51:53,17433668,OK,35.2
2026-09-14T03:51:58,17439213,OK,34.0
2026-09-14T03:52:04,17444843,OK,35.3
2026-09-14T03:52:09,17450475,OK,37.2
2026-09-14T03:52:15,17455917,OK,34.7
2026-09-14T03:52:20,17461344,OK,35.1
2026-09-14T03:52:25,17466771,OK,38.1
2026-09-14T03:52:31,17471853,OK,34.2
2026-09-14T03:52:36,17477139,OK,37.3
2026-09-14T03:52:41,17482219,OK,37.3
2026-09-14T03:52:47,17487851,OK,37.2
2026-09-14T03:52:52,17493293,OK,35.3
2026-09-14T03:52:57,17498531,OK,34.3
2026-09-14T03:53:03,17503692,OK,34.8
2026-09-14T03:53:08,17509355,OK,34.1
2026-09-14T03:53:13,17514432,OK,34.2
2026-09-14T03:53:18,17519509,OK,37.1
2026-09-14T03:53:23,17524588,OK,36.8
2026-09-14T03:53:28,17529677,OK,36.3
2026-09-14T03:53:33,17534792,OK,34.8
2026-09-14T03:53:39,17539904,OK,34.9
2026-09-14T03:53:44,17545022,OK,34.5
2026-09-14T03:53:49,17550143,OK,34.4
2026-09-14T03:53:54,17555220,OK,34.2
2026-09-14T03:54:00,17560863,OK,34.0
2026-09-14T03:54:05,17566495,OK,38.1
2026-09-14T03:54:11,17571938,OK,34.8
2026-09-14T03:54:16,17577364,OK,36.2
2026-09-14T03:54:22,17582983,OK,35.8
2026-09-14T03:54:27,17588424,OK,34.4
2026-09-14T03:54:33,17593501,OK,38.8
2026-09-14T03:54:38,17599161,OK,35.0
2026-09-14T03:54:43,17604793,OK,37.7
2026-09-14T03:54:49,17609905,OK,34.2
2026-09-14T03:54:55,17615545,OK,34.3
2026-09-14T03:55:00,17621178,OK,36.7
2026-09-14T03:55:06,17626810,OK,34.1
2026-09-14T03:55:11,17632252,OK,34.7
2026-09-14T03:55:17,17637869,OK,34.0
2026-09-14T03:55:22,17643121,OK,34.0
2026-09-14T03:55:27,17648243,OK,34.1
2026-09-14T03:55:32,17653363,OK,34.0
2026-09-14T03:55:37,17658439,OK,34.0
2026-09-14T03:55:43,17664084,OK,38.3
2026-09-14T03:55:50,17669336,OK,34.1
2026-09-14T03:55:55,17676437,OK,34.2
2026-09-14T03:56:00,17681538,OK,35.1
2026-09-14T03:56:05,17686644,OK,34.1
2026-09-14T03:56:10,17691763,OK,34.2
2026-09-14T03:56:15,17696894,OK,34.5
2026-09-14T03:56:21,17702004,OK,34.6
2026-09-14T03:56:26,17707221,OK,34.0
2026-09-14T03:56:31,17712327,OK,37.8
2026-09-14T03:56:36,17717407,OK,37.4
2026-09-14T03:56:42,17723067,OK,37.3
2026-09-14T03:56:48,17728600,OK,40.3
2026-09-14T03:56:53,17734228,OK,33.9
2026-09-14T03:56:58,17739690,OK,35.8
2026-09-14T03:57:03,17744807,OK,34.2
2026-09-14T03:57:09,17749929,OK,34.1
2026-09-14T03:57:14,17755049,OK,34.2
2026-09-14T03:57:19,17760168,OK,34.1
2026-09-14T03:57:24,17765292,OK,34.6
2026-09-14T03:57:29,17770410,OK,36.4
2026-09-14T03:57:34,17775528,OK,34.0
2026-09-14T03:57:39,17780648,OK,34.1
2026-09-14T03:57:44,17785772,OK,34.1
2026-09-14T03:57:49,17790888,OK,34.2
2026-09-14T03:57:55,17795965,OK,34.0
2026-09-14T03:58:01,17801610,OK,35.6
2026-09-14T03:58:06,17807241,OK,34.2
2026-09-14T03:58:11,17812320,OK,33.9
2026-09-14T03:58:16,17817414,OK,36.3
2026-09-14T03:58:22,17822493,OK,34.0
2026-09-14T03:58:27,17828132,OK,40.3
2026-09-14T03:58:32,17833402,OK,35.5
2026-09-14T03:58:37,17838514,OK,34.2
2026-09-14T03:58:42,17843624,OK,34.2
2026-09-14T03:58:48,17848831,OK,34.9
2026-09-14T03:58:53,17854069,OK,33.9
2026-09-14T03:58:58,17859175,OK,34.6
2026-09-14T03:59:04,17864791,OK,36.1
2026-09-14T03:59:09,17870422,OK,33.9
2026-09-14T03:59:14,17875500,OK,34.0
2026-09-14T03:59:20,17880595,OK,34.6
2026-09-14T03:59:25,17886401,OK,33.6
2026-09-14T03:59:31,17891839,OK,35.7
2026-09-14T03:59:36,17897456,OK,34.0
2026-09-14T03:59:42,17903088,OK,34.3
2026-09-14T03:59:47,17908530,OK,34.2
2026-09-14T03:59:52,17913618,OK,36.4
2026-09-14T03:59:58,17918888,OK,34.1
2026-09-14T04:00:03,17924049,OK,34.3
2026-09-14T04:00:08,17929132,OK,37.1
2026-09-14T04:00:13,17934260,OK,34.2
2026-09-14T04:00:18,17939373,OK,38.0
2026-09-14T04:00:23,17944493,OK,38.1
2026-09-14T04:00:28,17949630,OK,33.9
2026-09-14T04:00:33,17954763,OK,47.1
2026-09-14T04:00:38,17959855,OK,34.3
2026-09-14T04:00:44,17964990,OK,36.8
2026-09-14T04:00:49,17970093,OK,36.2
2026-09-14T04:00:54,17975213,OK,34.3
2026-09-14T04:00:59,17980330,OK,34.1
2026-09-14T04:01:04,17985452,OK,34.1
2026-09-14T04:01:09,17990572,OK,38.0
2026-09-14T04:01:14,17995693,OK,37.5
2026-09-14T04:01:20,18000815,OK,34.6
2026-09-14T04:01:25,18006214,OK,33.6
2026-09-14T04:01:30,18011838,OK,34.3
2026-09-14T04:01:35,18016916,OK,34.2
2026-09-14T04:01:41,18022012,OK,34.6
2026-09-14T04:01:46,18027130,OK,36.2
2026-09-14T04:01:51,18032248,OK,34.6
2026-09-14T04:01:56,18037381,OK,34.3
2026-09-14T04:02:01,18042462,OK,36.0
2026-09-14T04:02:07,18048088,OK,34.5
2026-09-14T04:02:12,18053167,OK,34.2
2026-09-14T04:02:17,18058257,OK,34.4
2026-09-14T04:02:22,18063478,OK,34.1
2026-09-14T04:02:27,18068690,OK,33.9
2026-09-14T04:02:33,18073769,OK,36.0
2026-09-14T04:02:38,18079053,OK,34.0
2026-09-14T04:02:43,18084165,OK,36.1
2026-09-14T04:02:48,18089368,OK,34.6
2026-09-14T04:02:54,18094991,OK,35.9
2026-09-14T04:02:59,18100430,OK,34.4
2026-09-14T04:03:05,18105858,OK,34.2
2026-09-14T04:03:10,18111094,OK,34.3
2026-09-14T04:03:15,18116219,OK,41.0
2026-09-14T04:03:20,18121329,OK,34.6
2026-09-14T04:03:26,18126736,OK,39.5
2026-09-14T04:03:31,18132365,OK,34.2
2026-09-14T04:03:36,18137807,OK,34.0
2026-09-14T04:03:42,18142884,OK,37.8
2026-09-14T04:03:47,18148544,OK,34.2
2026-09-14T04:03:52,18153796,OK,34.0
2026-09-14T04:03:58,18159001,OK,34.2
2026-09-14T04:04:03,18164241,OK,33.2
2026-09-14T04:04:08,18169319,OK,34.2
2026-09-14T04:04:13,18174396,OK,34.2
2026-09-14T04:04:18,18179518,OK,39.3
2026-09-14T04:04:23,18184622,OK,43.7
2026-09-14T04:04:28,18189823,OK,33.9
2026-09-14T04:04:34,18194913,OK,33.9
2026-09-14T04:04:39,18200184,OK,33.9
2026-09-14T04:04:44,18205308,OK,41.9
2026-09-14T04:04:49,18210392,OK,34.2
2026-09-14T04:04:55,18215838,OK,34.1
2026-09-14T04:05:00,18221454,OK,34.1
2026-09-14T04:05:05,18226531,OK,34.4
2026-09-14T04:05:12,18231625,OK,35.7
2026-09-14T04:05:18,18238682,OK,34.0
2026-09-14T04:05:23,18244292,OK,33.9
2026-09-14T04:05:28,18249545,OK,36.5
2026-09-14T04:05:33,18254664,OK,35.5
2026-09-14T04:05:38,18259787,OK,36.0
2026-09-14T04:05:43,18264905,OK,37.1
2026-09-14T04:05:49,18269985,OK,36.4
2026-09-14T04:05:54,18275525,OK,36.2
2026-09-14T04:06:00,18280965,OK,34.1
2026-09-14T04:06:05,18286391,OK,34.1
2026-09-14T04:06:11,18291820,OK,34.0
2026-09-14T04:06:16,18297056,OK,34.3
2026-09-14T04:06:21,18302261,OK,34.1
2026-09-14T04:06:27,18307982,OK,34.1
2026-09-14T04:06:32,18313236,OK,34.2
2026-09-14T04:06:37,18318357,OK,35.9
2026-09-14T04:06:42,18323487,OK,34.1
2026-09-14T04:06:47,18328597,OK,34.1
2026-09-14T04:06:52,18333718,OK,34.0
2026-09-14T04:06:58,18338877,OK,34.1
2026-09-14T04:07:04,18344541,OK,35.7
2026-09-14T04:07:09,18350181,OK,33.9
2026-09-14T04:07:14,18355426,OK,34.0
2026-09-14T04:07:19,18360502,OK,34.0
2026-09-14T04:07:24,18365768,OK,34.1
2026-09-14T04:07:30,18370890,OK,37.0
2026-09-14T04:07:35,18376389,OK,35.1
2026-09-14T04:07:41,18381496,OK,34.1
2026-09-14T04:07:46,18387140,OK,35.6
2026-09-14T04:07:52,18392772,OK,35.7
2026-09-14T04:07:57,18398024,OK,36.0
2026-09-14T04:08:02,18403146,OK,34.6
2026-09-14T04:08:07,18408267,OK,36.4
2026-09-14T04:08:12,18413386,OK,34.7
2026-09-14T04:08:17,18418509,OK,34.2
2026-09-14T04:08:24,18423627,OK,34.3
2026-09-14T04:08:29,18430689,OK,34.2
2026-09-14T04:08:35,18435765,OK,33.8
2026-09-14T04:08:40,18441023,OK,34.0
2026-09-14T04:08:45,18446636,OK,34.7
2026-09-14T04:08:50,18451886,OK,34.2
2026-09-14T04:08:56,18457019,OK,34.0
2026-09-14T04:09:01,18462133,OK,34.0
2026-09-14T04:09:06,18467279,OK,33.9
2026-09-14T04:09:11,18472345,OK,42.2
2026-09-14T04:09:16,18477590,OK,34.0
2026-09-14T04:09:22,18482666,OK,34.0
2026-09-14T04:09:27,18488123,OK,33.6
2026-09-14T04:09:32,18493344,OK,38.4
2026-09-14T04:09:38,18498558,OK,34.2
2026-09-14T04:09:43,18504185,OK,35.2
2026-09-14T04:09:48,18509264,OK,34.1
2026-09-14T04:09:53,18514342,OK,34.2
2026-09-14T04:09:58,18519763,OK,34.0
2026-09-14T04:10:03,18524840,OK,37.3
2026-09-14T04:10:09,18529919,OK,34.7
2026-09-14T04:10:14,18535037,OK,35.6
2026-09-14T04:10:19,18540553,OK,34.3
2026-09-14T04:10:24,18545639,OK,37.1
2026-09-14T04:10:30,18550907,OK,34.1
2026-09-14T04:10:35,18556019,OK,34.2
2026-09-14T04:10:40,18561730,OK,34.3
2026-09-14T04:10:45,18566807,OK,35.3
2026-09-14T04:10:51,18571941,OK,34.4
2026-09-14T04:10:56,18577024,OK,36.2
2026-09-14T04:11:01,18582102,OK,33.9
2026-09-14T04:11:06,18587854,OK,35.0
2026-09-14T04:11:12,18592931,OK,34.5
2026-09-14T04:11:17,18598046,OK,34.7
2026-09-14T04:11:22,18603136,OK,42.5
2026-09-14T04:11:27,18608256,OK,37.1
2026-09-14T04:11:32,18613336,OK,34.2
2026-09-14T04:11:37,18618597,OK,35.9
2026-09-14T04:11:42,18623716,OK,34.6
2026-09-14T04:11:48,18628826,OK,34.1
2026-09-14T04:11:53,18634147,OK,34.2
2026-09-14T04:11:58,18639762,OK,33.8
2026-09-14T04:12:03,18644839,OK,34.0
2026-09-14T04:12:08,18649933,OK,34.1
2026-09-14T04:12:14,18655009,OK,34.2
2026-09-14T04:12:20,18660654,OK,35.2
2026-09-14T04:12:25,18666096,OK,34.0
2026-09-14T04:12:30,18671173,OK,35.6
2026-09-14T04:12:35,18676831,OK,38.6
2026-09-14T04:12:40,18681912,OK,34.4
2026-09-14T04:12:46,18687002,OK,35.3
2026-09-14T04:12:51,18692122,OK,38.0
2026-09-14T04:12:56,18697243,OK,36.2
2026-09-14T04:13:01,18702361,OK,34.0
2026-09-14T04:13:06,18707481,OK,34.0
2026-09-14T04:13:12,18712557,OK,34.1
2026-09-14T04:13:17,18718201,OK,34.2
2026-09-14T04:13:23,18723933,OK,34.0
2026-09-14T04:13:29,18729667,OK,34.1
2026-09-14T04:13:34,18735122,OK,35.6
2026-09-14T04:13:39,18740201,OK,35.2
2026-09-14T04:13:44,18745469,OK,41.3
2026-09-14T04:13:49,18750604,OK,35.2
2026-09-14T04:13:54,18755681,OK,36.5
2026-09-14T04:13:59,18760782,OK,33.8
2026-09-14T04:14:04,18765859,OK,34.1
2026-09-14T04:14:10,18770947,OK,34.0
2026-09-14T04:14:15,18776189,OK,36.0
2026-09-14T04:14:20,18781312,OK,34.0
2026-09-14T04:14:25,18786462,OK,35.8
2026-09-14T04:14:30,18791552,OK,34.1
2026-09-14T04:14:35,18796682,OK,34.2
2026-09-14T04:14:40,18801792,OK,34.1
2026-09-14T04:14:46,18806899,OK,34.4
2026-09-14T04:14:51,18812325,OK,34.1
2026-09-14T04:14:58,18817560,OK,34.7
2026-09-14T04:15:03,18824092,OK,34.2
2026-09-14T04:15:08,18829199,OK,34.0
2026-09-14T04:15:14,18834546,OK,34.2
2026-09-14T04:15:19,18840263,OK,34.2
2026-09-14T04:15:25,18845895,OK,38.0
2026-09-14T04:15:30,18851157,OK,36.7
2026-09-14T04:15:35,18856279,OK,34.2
2026-09-14T04:15:40,18861379,OK,34.0
2026-09-14T04:15:45,18866610,OK,34.5
2026-09-14T04:15:51,18871687,OK,34.1
2026-09-14T04:15:56,18877032,OK,34.9
2026-09-14T04:16:01,18882458,OK,36.2
2026-09-14T04:16:06,18887586,OK,34.2
2026-09-14T04:16:12,18892668,OK,34.4
2026-09-14T04:16:17,18898135,OK,34.0
2026-09-14T04:16:23,18903852,OK,35.5
2026-09-14T04:16:28,18909297,OK,34.1
2026-09-14T04:16:34,18914723,OK,34.2
2026-09-14T04:16:39,18920341,OK,33.9
2026-09-14T04:16:45,18925773,OK,33.5
2026-09-14T04:16:50,18931400,OK,34.1
2026-09-14T04:16:55,18936842,OK,34.0
2026-09-14T04:17:01,18941938,OK,34.0
2026-09-14T04:17:06,18947199,OK,34.7
2026-09-14T04:17:11,18952282,OK,34.1
2026-09-14T04:17:16,18957418,OK,34.0
2026-09-14T04:17:22,18962862,OK,34.0
2026-09-14T04:17:27,18968089,OK,34.6
2026-09-14T04:17:32,18973211,OK,33.9
2026-09-14T04:17:37,18978334,OK,37.8
2026-09-14T04:17:42,18983442,OK,36.6
2026-09-14T04:17:47,18988775,OK,39.9
2026-09-14T04:17:53,18993896,OK,34.2
2026-09-14T04:17:58,18999017,OK,34.3
2026-09-14T04:18:03,19004136,OK,34.1
2026-09-14T04:18:08,19009235,OK,34.1
2026-09-14T04:18:13,19014311,OK,34.5
2026-09-14T04:18:18,19019406,OK,34.2
2026-09-14T04:18:23,19024514,OK,34.1
2026-09-14T04:18:28,19029634,OK,34.1
2026-09-14T04:18:34,19034835,OK,36.3
2026-09-14T04:18:39,19040458,OK,34.0
2026-09-14T04:18:45,19046092,OK,35.3
2026-09-14T04:18:51,19051724,OK,34.9
2026-09-14T04:18:56,19057174,OK,34.2
2026-09-14T04:19:01,19062264,OK,36.0
2026-09-14T04:19:07,19067711,OK,34.1
2026-09-14T04:19:12,19073171,OK,35.7
2026-09-14T04:19:17,19078278,OK,36.0
2026-09-14T04:19:22,19083370,OK,38.3
2026-09-14T04:19:27,19088618,OK,34.1
2026-09-14T04:19:32,19093737,OK,40.7
2026-09-14T04:19:37,19098872,OK,34.0
2026-09-14T04:19:43,19103980,OK,34.3
2026-09-14T04:19:48,19109099,OK,35.2
2026-09-14T04:19:53,19114250,OK,34.0
2026-09-14T04:19:58,19119341,OK,41.3
2026-09-14T04:20:03,19124460,OK,34.1
2026-09-14T04:20:08,19129580,OK,34.1
2026-09-14T04:20:13,19134698,OK,34.2
2026-09-14T04:20:18,19139838,OK,34.0
2026-09-14T04:20:24,19144926,OK,34.1
2026-09-14T04:20:29,19150349,OK,34.1
2026-09-14T04:20:34,19155437,OK,36.2
2026-09-14T04:20:39,19160585,OK,36.0
2026-09-14T04:20:44,19165665,OK,34.1
2026-09-14T04:20:50,19170989,OK,34.1
2026-09-14T04:20:55,19176068,OK,34.0
2026-09-14T04:21:00,19181273,OK,34.2
2026-09-14T04:21:05,19186891,OK,34.4
2026-09-14T04:21:11,19191970,OK,34.0
2026-09-14T04:21:16,19197046,OK,34.0
2026-09-14T04:21:21,19202139,OK,34.0
2026-09-14T04:21:26,19207401,OK,34.1
2026-09-14T04:21:31,19212523,OK,34.2
2026-09-14T04:21:37,19217823,OK,35.3
2026-09-14T04:21:42,19223068,OK,34.1
2026-09-14T04:21:47,19228200,OK,36.8
2026-09-14T04:21:52,19233310,OK,33.7
2026-09-14T04:21:57,19238611,OK,34.6
2026-09-14T04:22:02,19243856,OK,34.1
2026-09-14T04:22:08,19248977,OK,36.8
2026-09-14T04:22:13,19254056,OK,34.2
2026-09-14T04:22:18,19259698,OK,34.6
2026-09-14T04:22:23,19264775,OK,35.0
2026-09-14T04:22:28,19269868,OK,35.6
2026-09-14T04:22:34,19274950,OK,34.2
2026-09-14T04:22:39,19280208,OK,34.2
2026-09-14T04:22:44,19285284,OK,35.8
2026-09-14T04:22:50,19290741,OK,34.2
2026-09-14T04:22:55,19296358,OK,33.9
2026-09-14T04:23:00,19301468,OK,34.0
2026-09-14T04:23:06,19307110,OK,34.1
2026-09-14T04:23:11,19312207,OK,33.9
2026-09-14T04:23:16,19317482,OK,34.2
2026-09-14T04:23:21,19322594,OK,34.2
2026-09-14T04:23:26,19327825,OK,34.1
2026-09-14T04:23:32,19332911,OK,36.6
2026-09-14T04:23:37,19338357,OK,34.1
2026-09-14T04:23:43,19343975,OK,34.1
2026-09-14T04:23:49,19349606,OK,34.1
2026-09-14T04:23:54,19355049,OK,34.0
2026-09-14T04:23:59,19360126,OK,34.0
2026-09-14T04:24:04,19365205,OK,33.9
2026-09-14T04:24:09,19370323,OK,34.2
2026-09-14T04:24:14,19375444,OK,34.0
2026-09-14T04:24:19,19380543,OK,34.3
2026-09-14T04:24:25,19385780,OK,35.1
2026-09-14T04:24:30,19391387,OK,34.3
2026-09-14T04:24:35,19396516,OK,34.2
2026-09-14T04:24:40,19401594,OK,34.1
2026-09-14T04:24:45,19406680,OK,36.2
2026-09-14T04:24:50,19411818,OK,37.2
2026-09-14T04:24:56,19416911,OK,34.5
2026-09-14T04:25:01,19422428,OK,34.1
2026-09-14T04:25:06,19427647,OK,37.8
2026-09-14T04:25:11,19432898,OK,37.1
2026-09-14T04:25:17,19438014,OK,36.8
2026-09-14T04:25:22,19443093,OK,34.0
2026-09-14T04:25:27,19448169,OK,36.8
2026-09-14T04:25:32,19453270,OK,34.0
2026-09-14T04:25:37,19458346,OK,34.0
2026-09-14T04:25:42,19463422,OK,34.1
2026-09-14T04:25:47,19468529,OK,35.7
2026-09-14T04:25:53,19473607,OK,34.2
2026-09-14T04:25:58,19479252,OK,36.1
2026-09-14T04:26:03,19484883,OK,38.6
2026-09-14T04:26:09,19489963,OK,38.8
2026-09-14T04:26:14,19495054,OK,34.3
2026-09-14T04:26:19,19500180,OK,34.1
2026-09-14T04:26:24,19505290,OK,33.9
2026-09-14T04:26:29,19510492,OK,34.2
2026-09-14T04:26:35,19515921,OK,34.1
2026-09-14T04:26:40,19521550,OK,34.0
2026-09-14T04:26:45,19526790,OK,34.2
2026-09-14T04:26:51,19531915,OK,37.9
2026-09-14T04:26:56,19537032,OK,34.1
2026-09-14T04:27:01,19542142,OK,34.1
2026-09-14T04:27:06,19547858,OK,35.2
2026-09-14T04:27:12,19552936,OK,34.0
2026-09-14T04:27:17,19558029,OK,34.6
2026-09-14T04:27:22,19563150,OK,34.1
2026-09-14T04:27:27,19568267,OK,34.2
2026-09-14T04:27:32,19573370,OK,34.0
2026-09-14T04:27:38,19578697,OK,34.3
2026-09-14T04:27:43,19584130,OK,34.2
2026-09-14T04:27:48,19589740,OK,43.7
2026-09-14T04:27:54,19594856,OK,33.9
2026-09-14T04:27:59,19600492,OK,35.4
2026-09-14T04:28:05,19605932,OK,34.1
2026-09-14T04:28:10,19611359,OK,34.2
2026-09-14T04:28:18,19616891,OK,34.0
2026-09-14T04:28:23,19623938,OK,34.3
2026-09-14T04:28:28,19629574,OK,34.2
2026-09-14T04:28:33,19634835,OK,34.1
2026-09-14T04:28:39,19639979,OK,37.3
2026-09-14T04:28:44,19645071,OK,33.9
2026-09-14T04:28:49,19650189,OK,34.3
2026-09-14T04:28:54,19655276,OK,36.1
2026-09-14T04:28:59,19660718,OK,34.2
2026-09-14T04:29:04,19665865,OK,34.2
2026-09-14T04:29:10,19670980,OK,34.3
2026-09-14T04:29:17,19676057,OK,34.7
2026-09-14T04:29:22,19683126,OK,34.1
2026-09-14T04:29:27,19688206,OK,34.2
2026-09-14T04:29:32,19693409,OK,34.0
2026-09-14T04:29:38,19698505,OK,34.0
2026-09-14T04:29:45,19704224,OK,35.9
2026-09-14T04:29:50,19711454,OK,35.4
2026-09-14T04:29:55,19716577,OK,34.9
2026-09-14T04:30:00,19721663,OK,36.5
2026-09-14T04:30:06,19726862,OK,33.7
2026-09-14T04:30:11,19732088,OK,36.2
2026-09-14T04:30:16,19737177,OK,38.8
2026-09-14T04:30:22,19742829,OK,34.3
2026-09-14T04:30:27,19748269,OK,34.4
2026-09-14T04:30:32,19753424,OK,34.0
2026-09-14T04:30:37,19758531,OK,35.4
2026-09-14T04:30:42,19763648,OK,35.9
2026-09-14T04:30:47,19768757,OK,35.9
2026-09-14T04:30:53,19773966,OK,37.7
2026-09-14T04:30:58,19779400,OK,33.8
2026-09-14T04:31:03,19784477,OK,38.6
2026-09-14T04:31:08,19789558,OK,34.3
2026-09-14T04:31:13,19794675,OK,34.0
2026-09-14T04:31:18,19799794,OK,34.1
2026-09-14T04:31:24,19804880,OK,34.1
2026-09-14T04:31:29,19810515,OK,34.3
2026-09-14T04:31:34,19815622,OK,34.2
2026-09-14T04:31:39,19820689,OK,34.5
2026-09-14T04:31:45,19825894,OK,34.4
2026-09-14T04:31:50,19831510,OK,34.5
2026-09-14T04:31:55,19836586,OK,37.0
2026-09-14T04:32:00,19841666,OK,35.2
2026-09-14T04:32:05,19846908,OK,34.2
2026-09-14T04:32:11,19852019,OK,34.0
2026-09-14T04:32:16,19857149,OK,43.5
2026-09-14T04:32:21,19862269,OK,34.1
2026-09-14T04:32:28,19867345,OK,34.3
2026-09-14T04:32:33,19874400,OK,35.5
2026-09-14T04:32:39,19880045,OK,34.2
2026-09-14T04:32:45,19885577,OK,34.1
2026-09-14T04:32:50,19891206,OK,34.2
2026-09-14T04:32:55,19896649,OK,37.6
2026-09-14T04:33:01,19901730,OK,34.0
2026-09-14T04:33:06,19907390,OK,33.7
2026-09-14T04:33:11,19912467,OK,34.0
2026-09-14T04:33:16,19917543,OK,34.1
2026-09-14T04:33:22,19922776,OK,34.2
2026-09-14T04:33:28,19928583,OK,33.9
2026-09-14T04:33:33,19934018,OK,34.8
2026-09-14T04:33:38,19939745,OK,34.1
2026-09-14T04:33:43,19944896,OK,34.2
2026-09-14T04:33:49,19950017,OK,37.6
2026-09-14T04:33:54,19955099,OK,34.3
2026-09-14T04:33:59,19960541,OK,33.6
2026-09-14T04:34:05,19965975,OK,34.2
2026-09-14T04:34:10,19971213,OK,41.2
2026-09-14T04:34:15,19976307,OK,34.0
2026-09-14T04:34:21,19981934,OK,34.2
2026-09-14T04:34:26,19987666,OK,34.2
2026-09-14T04:34:31,19992920,OK,34.0
2026-09-14T04:34:37,19997999,OK,34.3
2026-09-14T04:34:42,20003076,OK,36.6
2026-09-14T04:34:47,20008180,OK,34.1
2026-09-14T04:34:52,20013256,OK,34.0
2026-09-14T04:34:57,20018332,OK,33.8
2026-09-14T04:35:02,20023414,OK,34.7
2026-09-14T04:35:08,20029039,OK,34.1
2026-09-14T04:35:14,20034671,OK,34.0
2026-09-14T04:35:19,20040112,OK,34.9
2026-09-14T04:35:25,20045935,OK,36.5
2026-09-14T04:35:30,20051186,OK,35.7
2026-09-14T04:35:35,20056349,OK,34.1
2026-09-14T04:35:40,20061632,OK,34.1
2026-09-14T04:35:45,20066718,OK,34.1
2026-09-14T04:35:50,20071795,OK,36.1
2026-09-14T04:35:56,20076891,OK,34.1
2026-09-14T04:36:02,20082494,OK,40.6
2026-09-14T04:36:07,20088037,OK,33.3
2026-09-14T04:36:12,20093115,OK,36.1
2026-09-14T04:36:19,20098194,OK,37.6
2026-09-14T04:36:24,20105243,OK,34.2
2026-09-14T04:36:29,20110350,OK,37.0
2026-09-14T04:36:34,20115429,OK,35.3
2026-09-14T04:36:40,20120603,OK,34.3
2026-09-14T04:36:45,20126027,OK,40.7
2026-09-14T04:36:50,20131110,OK,34.0
2026-09-14T04:36:55,20136765,OK,34.0
2026-09-14T04:37:01,20142017,OK,34.2
2026-09-14T04:37:06,20147178,OK,34.4
2026-09-14T04:37:11,20152258,OK,34.2
2026-09-14T04:37:16,20157382,OK,36.1
2026-09-14T04:37:22,20162589,OK,35.2
2026-09-14T04:37:29,20168202,OK,35.0
2026-09-14T04:37:34,20175423,OK,36.5
2026-09-14T04:37:39,20180523,OK,34.1
2026-09-14T04:37:44,20185599,OK,36.4
2026-09-14T04:37:49,20190862,OK,34.1
2026-09-14T04:37:55,20195984,OK,42.5
2026-09-14T04:38:00,20201104,OK,34.1
2026-09-14T04:38:05,20206315,OK,34.0
2026-09-14T04:38:10,20211391,OK,34.0
2026-09-14T04:38:16,20216857,OK,37.2
2026-09-14T04:38:21,20222094,OK,34.2
2026-09-14T04:38:26,20227170,OK,35.1
2026-09-14T04:38:31,20232249,OK,34.0
2026-09-14T04:38:36,20237354,OK,34.1
2026-09-14T04:38:41,20242474,OK,34.2
2026-09-14T04:38:46,20247624,OK,35.0
2026-09-14T04:38:51,20252714,OK,34.6
2026-09-14T04:38:57,20257791,OK,34.0
2026-09-14T04:39:03,20263436,OK,37.3
2026-09-14T04:39:08,20269171,OK,36.3
2026-09-14T04:39:14,20274611,OK,39.0
2026-09-14T04:39:19,20280231,OK,35.7
2026-09-14T04:39:25,20285783,OK,34.3
2026-09-14T04:39:30,20291492,OK,34.2
2026-09-14T04:39:35,20296634,OK,34.6
2026-09-14T04:39:40,20301867,OK,34.1
2026-09-14T04:39:46,20306989,OK,34.1
2026-09-14T04:39:51,20312096,OK,34.0
2026-09-14T04:39:56,20317172,OK,34.0
2026-09-14T04:40:02,20322830,OK,35.9
2026-09-14T04:40:07,20328081,OK,33.9
2026-09-14T04:40:12,20333287,OK,38.9
2026-09-14T04:40:18,20338371,OK,34.3
2026-09-14T04:40:23,20344134,OK,34.3
2026-09-14T04:40:28,20349379,OK,34.2
2026-09-14T04:40:33,20354500,OK,35.7
2026-09-14T04:40:38,20359625,OK,34.1
2026-09-14T04:40:43,20364744,OK,37.2
2026-09-14T04:40:48,20369861,OK,34.3
2026-09-14T04:40:54,20374931,OK,34.2
2026-09-14T04:41:00,20380691,OK,34.6
2026-09-14T04:41:05,20386318,OK,36.9
2026-09-14T04:41:11,20391753,OK,34.7
2026-09-14T04:41:16,20397188,OK,34.8
2026-09-14T04:41:21,20402435,OK,34.1
2026-09-14T04:41:27,20407511,OK,33.9
2026-09-14T04:41:32,20413357,OK,34.9
2026-09-14T04:41:38,20418794,OK,36.8
2026-09-14T04:41:43,20424221,OK,36.0
2026-09-14T04:41:49,20429939,OK,34.3
2026-09-14T04:41:54,20435049,OK,34.3
2026-09-14T04:42:01,20440503,OK,36.0
2026-09-14T04:42:06,20447719,OK,34.2
2026-09-14T04:42:12,20452795,OK,33.9
2026-09-14T04:42:17,20458029,OK,34.0
2026-09-14T04:42:23,20463834,OK,34.1
2026-09-14T04:42:29,20469678,OK,38.2
2026-09-14T04:42:34,20475116,OK,34.3
2026-09-14T04:42:39,20480542,OK,36.6
2026-09-14T04:42:45,20485870,OK,34.1
2026-09-14T04:42:52,20491104,OK,35.7
2026-09-14T04:42:57,20498195,OK,34.0
2026-09-14T04:43:02,20503271,OK,34.1
2026-09-14T04:43:07,20508615,OK,33.9
2026-09-14T04:43:12,20513836,OK,34.4
2026-09-14T04:43:18,20518958,OK,35.1
2026-09-14T04:43:23,20524077,OK,34.1
2026-09-14T04:43:28,20529287,OK,37.2
2026-09-14T04:43:33,20534611,OK,34.7
2026-09-14T04:43:38,20539688,OK,34.7
2026-09-14T04:43:44,20544966,OK,34.4
2026-09-14T04:43:49,20550087,OK,34.2
2026-09-14T04:43:54,20555610,OK,34.1
2026-09-14T04:43:59,20560838,OK,34.1
2026-09-14T04:44:05,20565962,OK,34.1
2026-09-14T04:44:10,20571080,OK,33.9
2026-09-14T04:44:15,20576157,OK,34.4
2026-09-14T04:44:20,20581234,OK,33.5
2026-09-14T04:44:25,20586312,OK,35.3
2026-09-14T04:44:31,20591940,OK,36.1
2026-09-14T04:44:36,20597573,OK,35.2
2026-09-14T04:44:41,20602670,OK,34.0
2026-09-14T04:44:46,20607746,OK,34.1
2026-09-14T04:44:52,20612823,OK,34.1
2026-09-14T04:44:57,20618083,OK,34.3
2026-09-14T04:45:02,20623202,OK,34.1
2026-09-14T04:45:07,20628402,OK,36.5
2026-09-14T04:45:12,20633483,OK,33.9
2026-09-14T04:45:17,20638603,OK,34.0
2026-09-14T04:45:22,20643693,OK,34.0
2026-09-14T04:45:27,20648823,OK,36.9
2026-09-14T04:45:32,20653912,OK,34.3
2026-09-14T04:45:38,20658988,OK,34.0
2026-09-14T04:45:43,20664353,OK,34.1
2026-09-14T04:45:49,20669970,OK,35.7
2026-09-14T04:45:54,20675099,OK,34.3
2026-09-14T04:46:00,20680722,OK,35.8
2026-09-14T04:46:05,20686354,OK,35.8
2026-09-14T04:46:10,20691432,OK,34.2
2026-09-14T04:46:15,20696524,OK,35.3
2026-09-14T04:46:22,20701732,OK,35.4
2026-09-14T04:46:28,20708779,OK,34.1
2026-09-14T04:46:34,20714510,OK,34.2
2026-09-14T04:46:39,20720256,OK,34.1
2026-09-14T04:46:45,20725882,OK,34.7
2026-09-14T04:46:50,20731614,OK,34.2
2026-09-14T04:46:55,20736691,OK,34.0
2026-09-14T04:47:00,20741790,OK,34.2
2026-09-14T04:47:05,20746903,OK,34.1
2026-09-14T04:47:11,20752013,OK,34.2
2026-09-14T04:47:16,20757229,OK,34.2
2026-09-14T04:47:23,20762656,OK,34.4
2026-09-14T04:47:28,20769871,OK,33.5
2026-09-14T04:47:34,20774950,OK,34.5
2026-09-14T04:47:39,20780157,OK,39.4
2026-09-14T04:47:44,20785240,OK,34.4
2026-09-14T04:47:49,20790319,OK,35.1
2026-09-14T04:47:54,20795480,OK,34.3
2026-09-14T04:47:59,20800559,OK,34.2
2026-09-14T04:48:04,20805680,OK,34.2
2026-09-14T04:48:09,20810790,OK,35.3
2026-09-14T04:48:15,20815908,OK,35.5
2026-09-14T04:48:20,20821201,OK,34.5
2026-09-14T04:48:25,20826278,OK,33.3
2026-09-14T04:48:30,20831353,OK,34.2
2026-09-14T04:48:36,20836984,OK,35.3
2026-09-14T04:48:41,20842062,OK,34.1
2026-09-14T04:48:46,20847153,OK,36.4
2026-09-14T04:48:51,20852273,OK,33.9
2026-09-14T04:48:56,20857351,OK,34.4
2026-09-14T04:49:02,20862997,OK,34.8
2026-09-14T04:49:07,20868726,OK,36.3
2026-09-14T04:49:13,20873981,OK,34.0
2026-09-14T04:49:18,20879057,OK,34.1
2026-09-14T04:49:23,20884702,OK,38.9
2026-09-14T04:49:29,20889955,OK,35.3
2026-09-14T04:49:34,20895175,OK,34.0
2026-09-14T04:49:39,20900275,OK,34.5
2026-09-14T04:49:45,20905710,OK,34.2
2026-09-14T04:49:50,20911327,OK,35.2
2026-09-14T04:49:55,20916434,OK,36.6
2026-09-14T04:50:01,20922080,OK,39.0
2026-09-14T04:50:07,20927716,OK,37.3
2026-09-14T04:50:12,20933163,OK,34.7
2026-09-14T04:50:19,20938523,OK,34.1
2026-09-14T04:50:24,20945219,OK,34.1
2026-09-14T04:50:30,20950764,OK,34.1
2026-09-14T04:50:35,20956386,OK,35.7
2026-09-14T04:50:41,20961826,OK,35.9
2026-09-14T04:50:46,20967263,OK,34.2
2026-09-14T04:50:51,20972339,OK,37.2
2026-09-14T04:50:57,20977990,OK,36.0
2026-09-14T04:51:02,20983273,OK,34.1
2026-09-14T04:51:07,20988376,OK,33.6
2026-09-14T04:51:13,20993452,OK,36.2
2026-09-14T04:51:18,20999195,OK,33.8
2026-09-14T04:51:23,21004271,OK,39.2
2026-09-14T04:51:28,21009358,OK,33.3
2026-09-14T04:51:33,21014435,OK,36.5
2026-09-14T04:51:38,21019727,OK,34.3
2026-09-14T04:51:43,21024819,OK,34.2
2026-09-14T04:51:49,21029939,OK,34.0
2026-09-14T04:51:54,21035059,OK,34.1
2026-09-14T04:51:59,21040137,OK,34.0
2026-09-14T04:52:04,21045297,OK,34.1
2026-09-14T04:52:09,21050509,OK,34.0
2026-09-14T04:52:15,21055575,OK,38.9
2026-09-14T04:52:20,21061242,OK,34.8
2026-09-14T04:52:25,21066309,OK,34.2
2026-09-14T04:52:30,21071412,OK,34.0
2026-09-14T04:52:35,21076491,OK,34.0
2026-09-14T04:52:40,21081792,OK,36.1
2026-09-14T04:52:45,21086874,OK,34.0
2026-09-14T04:52:51,21091985,OK,34.2
2026-09-14T04:52:56,21097504,OK,34.1
2026-09-14T04:53:02,21102744,OK,34.2
2026-09-14T04:53:07,21108549,OK,34.3
2026-09-14T04:53:13,21113895,OK,34.0
2026-09-14T04:53:18,21119129,OK,34.1
2026-09-14T04:53:23,21124251,OK,34.2
2026-09-14T04:53:28,21129370,OK,34.3
2026-09-14T04:53:33,21134491,OK,34.2
2026-09-14T04:53:38,21139614,OK,34.6
2026-09-14T04:53:45,21144734,OK,36.1
2026-09-14T04:53:50,21151833,OK,35.2
2026-09-14T04:53:56,21156914,OK,34.1
2026-09-14T04:54:01,21162127,OK,37.1
2026-09-14T04:54:06,21167740,OK,33.9
2026-09-14T04:54:11,21172817,OK,37.0
2026-09-14T04:54:17,21177938,OK,34.1
2026-09-14T04:54:22,21183030,OK,34.4
2026-09-14T04:54:27,21188159,OK,33.9
2026-09-14T04:54:32,21193449,OK,34.8
2026-09-14T04:54:37,21198896,OK,34.2
2026-09-14T04:54:43,21204021,OK,34.2
2026-09-14T04:54:48,21209145,OK,34.5
2026-09-14T04:54:53,21214222,OK,35.3
2026-09-14T04:54:59,21219866,OK,34.1
2026-09-14T04:55:04,21225498,OK,33.6
2026-09-14T04:55:09,21230574,OK,34.0
2026-09-14T04:55:15,21235753,OK,34.0
2026-09-14T04:55:20,21241177,OK,34.1
2026-09-14T04:55:25,21246413,OK,34.0
2026-09-14T04:55:30,21251536,OK,37.5
2026-09-14T04:55:36,21256619,OK,34.0
2026-09-14T04:55:41,21262069,OK,34.1
2026-09-14T04:55:47,21267683,OK,34.2
2026-09-14T04:55:52,21273128,OK,34.0
2026-09-14T04:55:57,21278352,OK,34.1
2026-09-14T04:56:02,21283428,OK,34.4
2026-09-14T04:56:08,21288898,OK,33.4
2026-09-14T04:56:13,21294313,OK,38.8
2026-09-14T04:56:18,21299395,OK,34.7
2026-09-14T04:56:24,21304872,OK,34.2
2026-09-14T04:56:29,21310300,OK,34.3
2026-09-14T04:56:35,21315917,OK,34.5
2026-09-14T04:56:40,21321356,OK,36.6
2026-09-14T04:56:45,21326585,OK,36.2
2026-09-14T04:56:50,21331819,OK,34.0
2026-09-14T04:56:56,21336938,OK,34.1
2026-09-14T04:57:01,21342060,OK,38.2
2026-09-14T04:57:06,21347179,OK,37.3
2026-09-14T04:57:11,21352386,OK,34.1
2026-09-14T04:57:16,21357621,OK,34.7
2026-09-14T04:57:21,21362743,OK,34.2
2026-09-14T04:57:26,21367864,OK,35.3
2026-09-14T04:57:32,21372986,OK,37.0
2026-09-14T04:57:37,21378105,OK,36.6
2026-09-14T04:57:42,21383223,OK,34.1
2026-09-14T04:57:47,21388531,OK,34.3
2026-09-14T04:57:53,21393971,OK,34.0
2026-09-14T04:57:58,21399048,OK,36.0
2026-09-14T04:58:04,21404700,OK,41.0
2026-09-14T04:58:09,21410329,OK,36.3
2026-09-14T04:58:14,21415773,OK,34.0
2026-09-14T04:58:20,21420890,OK,34.1
2026-09-14T04:58:25,21426119,OK,34.0
2026-09-14T04:58:30,21431231,OK,34.1
2026-09-14T04:58:35,21436470,OK,35.2
2026-09-14T04:58:40,21441594,OK,36.9
2026-09-14T04:58:45,21446712,OK,34.0
2026-09-14T04:58:51,21451790,OK,34.2
2026-09-14T04:58:56,21457245,OK,36.7
2026-09-14T04:59:01,21462680,OK,35.6
2026-09-14T04:59:07,21467887,OK,34.4
2026-09-14T04:59:12,21473130,OK,34.8
2026-09-14T04:59:17,21478261,OK,34.2
2026-09-14T04:59:22,21483375,OK,34.3
2026-09-14T10:57:45,10268,OK,157.1
2026-09-14T10:57:51,16061,OK,98.6
2026-09-14T10:57:56,21795,OK,201.7
2026-09-14T10:58:01,27220,OK,102.7
2026-09-14T10:58:07,32545,OK,102.0
2026-09-14T10:58:12,37873,OK,99.9
2026-09-14T10:58:17,43093,OK,205.8
2026-09-14T10:58:23,48556,OK,270.5
2026-09-14T10:58:29,53899,OK,252.1
2026-09-14T10:58:34,59773,OK,114.9
2026-09-14T10:58:40,65307,OK,107.4
2026-09-14T10:58:46,71242,OK,112.7
2026-09-14T10:58:52,76991,OK,97.8
2026-09-14T10:58:57,82715,OK,99.7
2026-09-14T10:59:03,88242,OK,319.7
2026-09-14T10:59:09,94287,OK,218.2
2026-09-14T10:59:14,99616,OK,205.9
2026-09-14T10:59:20,105458,OK,100.3
2026-09-14T10:59:25,110983,OK,102.9
2026-09-14T10:59:31,116505,OK,110.6
2026-09-14T10:59:41,122276,LOST,-1.0
2026-09-14T10:59:53,138807,OK,246.6
2026-09-14T11:01:37,240511,LOST,-1.0
2026-09-14T11:01:42,247749,OK,280.5
2026-09-14T11:02:04,269590,OK,324.7
2026-09-14T11:02:10,275550,OK,301.0
2026-09-14T11:02:16,281267,OK,113.0
2026-09-14T11:02:22,287047,OK,272.3
2026-09-14T11:02:28,292985,OK,273.4
2026-09-14T11:02:33,298895,OK,98.4
2026-09-14T11:02:39,304416,OK,106.6
2026-09-14T11:02:45,310189,OK,273.0
2026-09-14T11:02:51,316090,OK,106.2
2026-09-14T11:02:57,321833,LOST,-1.0
2026-09-14T11:03:04,328434,LOST,-1.0
2026-09-14T11:03:10,334832,LOST,-1.0
2026-09-14T11:03:16,341331,LOST,-1.0
2026-09-14T11:03:23,347480,LOST,-1.0
2026-09-14T11:03:29,353623,LOST,-1.0
2026-09-14T11:03:35,359764,LOST,-1.0
2026-09-14T11:03:42,366315,LOST,-1.0
2026-09-14T11:03:51,372920,LOST,-1.0
2026-09-14T11:03:56,381001,LOST,-1.0
2026-09-14T11:04:02,387219,LOST,-1.0
2026-09-14T11:04:17,401463,LOST,-1.0
2026-09-14T11:04:23,408126,LOST,-1.0
2026-09-14T11:04:30,414452,LOST,-1.0
2026-09-14T11:04:50,434328,LOST,-1.0
2026-09-14T11:04:56,440894,LOST,-1.0
2026-09-14T11:05:02,446985,LOST,-1.0
2026-09-14T11:05:09,453572,LOST,-1.0
2026-09-14T11:06:27,532256,LOST,-1.0
2026-09-14T11:06:34,538603,LOST,-1.0
2026-09-14T11:06:41,545111,LOST,-1.0
2026-09-14T11:06:47,551701,LOST,-1.0
2026-09-14T11:06:54,558449,LOST,-1.0
2026-09-14T11:07:00,564976,LOST,-1.0
2026-09-14T11:07:07,571537,LOST,-1.0
2026-09-14T11:07:14,578091,LOST,-1.0
2026-09-14T11:07:20,584639,LOST,-1.0
2026-09-14T11:07:26,590785,LOST,-1.0
2026-09-14T11:07:32,596927,LOST,-1.0
2026-09-14T11:07:39,603371,LOST,-1.0
2026-09-14T11:07:45,609841,LOST,-1.0
2026-09-14T11:07:52,616398,LOST,-1.0
2026-09-14T11:07:59,622952,LOST,-1.0
2026-09-14T11:08:05,629701,LOST,-1.0
2026-09-14T11:08:12,636260,LOST,-1.0
2026-09-14T11:08:19,643018,LOST,-1.0
2026-09-14T11:08:25,649569,LOST,-1.0
2026-09-14T11:08:32,656121,LOST,-1.0
2026-09-14T11:08:38,662670,LOST,-1.0
2026-09-14T11:08:45,669228,LOST,-1.0
2026-09-14T11:08:51,675577,LOST,-1.0
2026-09-14T11:08:58,682122,LOST,-1.0
2026-09-14T11:09:04,688676,LOST,-1.0
2026-09-14T11:09:11,695442,LOST,-1.0
2026-09-14T11:09:17,701819,LOST,-1.0
2026-09-14T11:09:23,707927,LOST,-1.0
2026-09-14T11:09:30,714310,LOST,-1.0
2026-09-14T11:09:37,720867,LOST,-1.0
2026-09-14T11:09:43,727788,LOST,-1.0
2026-09-14T11:09:49,734035,LOST,-1.0
2026-09-14T11:09:55,740294,OK,48.1
2026-09-14T11:10:00,745853,OK,375.9
2026-09-14T11:10:07,751554,LOST,-1.0
2026-09-14T11:10:13,758063,OK,303.6
2026-09-14T11:10:19,763838,OK,673.2
2026-09-14T11:10:25,769625,LOST,-1.0
2026-09-14T11:10:31,776281,LOST,-1.0
2026-09-14T11:10:37,782412,OK,120.9
2026-09-14T11:10:42,787637,OK,220.6
2026-09-14T11:10:49,793291,OK,915.5
2026-09-14T11:10:55,799843,OK,302.7
2026-09-14T11:11:00,805782,OK,302.9
2026-09-14T11:11:06,811348,OK,471.3
2026-09-14T11:11:12,817446,OK,519.0
2026-09-14T11:11:18,823078,OK,210.3
2026-09-14T11:11:24,828925,OK,302.5
2026-09-14T11:11:30,834865,OK,302.2
2026-09-14T11:11:35,840790,OK,111.2
2026-09-14T11:11:41,846520,OK,115.6
2026-09-14T11:11:47,852302,OK,272.8
2026-09-14T11:11:53,858212,OK,97.3
2026-09-14T11:11:59,863976,OK,172.7
2026-09-14T11:12:04,869656,OK,226.2
2026-09-14T11:12:09,874986,OK,425.8
2026-09-14T11:12:15,880515,OK,221.0
2026-09-14T11:12:21,886159,OK,107.9
2026-09-14T11:12:27,891932,OK,170.6
2026-09-14T11:12:33,897931,OK,111.2
2026-09-14T11:12:38,903881,OK,100.0
2026-09-14T11:12:44,909085,OK,222.6
2026-09-14T11:12:49,915142,OK,103.1
2026-09-14T11:12:55,920468,OK,101.9
2026-09-14T11:13:01,926206,OK,98.3
2026-09-14T11:13:06,931940,OK,98.8
2026-09-14T11:13:12,937261,OK,102.6
2026-09-14T11:13:18,942825,OK,273.0
2026-09-14T11:13:24,948776,OK,261.3
2026-09-14T11:13:29,954703,OK,274.7
2026-09-14T11:13:34,960091,OK,213.9
2026-09-14T11:13:40,965558,OK,273.1
2026-09-14T11:13:46,970945,OK,210.7
2026-09-14T11:13:52,977084,OK,114.4
2026-09-14T11:13:58,983177,OK,165.5
2026-09-14T11:14:04,988765,OK,107.2
2026-09-14T11:14:09,994760,OK,298.5
2026-09-14T11:14:15,1000448,OK,100.6
2026-09-14T11:14:20,1005775,OK,97.1
2026-09-14T11:14:25,1010990,OK,205.5
2026-09-14T11:14:31,1016610,OK,115.1
2026-09-14T11:14:36,1021950,OK,99.9
2026-09-14T11:14:42,1027270,OK,104.8
2026-09-14T11:14:48,1033011,OK,98.2
2026-09-14T11:14:53,1038745,OK,98.7
2026-09-14T11:14:59,1044275,OK,98.3
2026-09-14T11:15:04,1049632,OK,169.4
2026-09-14T11:15:09,1054905,OK,114.2
2026-09-14T11:15:15,1060444,OK,109.3
2026-09-14T11:15:21,1066219,OK,272.7
2026-09-14T11:15:26,1072128,OK,99.4
2026-09-14T11:15:32,1077539,OK,220.7
2026-09-14T11:15:38,1083378,OK,113.5
2026-09-14T11:15:43,1089118,OK,212.8
2026-09-14T11:15:49,1094444,OK,209.0
2026-09-14T11:15:54,1099726,OK,251.8
2026-09-14T11:16:00,1105232,OK,275.3
2026-09-14T11:16:05,1110610,OK,222.2
2026-09-14T11:16:10,1116055,OK,102.3
2026-09-14T11:16:15,1121261,OK,220.9
2026-09-14T11:16:22,1126585,LOST,-1.0
2026-09-14T11:16:28,1133048,OK,313.0
2026-09-14T11:16:33,1138586,OK,99.6
2026-09-14T11:16:39,1144311,OK,109.0
2026-09-14T11:16:45,1150048,OK,312.7
2026-09-14T11:16:50,1155773,OK,115.9
2026-09-14T11:16:56,1161511,OK,112.2
2026-09-14T11:17:02,1167301,OK,262.9
2026-09-14T11:17:08,1173184,OK,113.0
2026-09-14T11:17:13,1178720,OK,106.6
2026-09-14T11:17:19,1184493,OK,272.8
2026-09-14T11:17:25,1190232,OK,268.3
2026-09-14T11:17:30,1195755,OK,274.9
2026-09-14T11:17:36,1201493,OK,271.3
2026-09-14T11:17:42,1207386,OK,113.0
2026-09-14T11:17:48,1213136,OK,98.8
2026-09-14T11:17:53,1218869,OK,99.8
2026-09-14T11:17:59,1224270,OK,228.1
2026-09-14T11:18:05,1230534,OK,107.4
2026-09-14T11:18:10,1235864,OK,205.6
2026-09-14T11:18:16,1241332,OK,267.1
2026-09-14T11:18:21,1246672,OK,252.0
2026-09-14T11:18:27,1252148,OK,101.0
2026-09-14T11:18:32,1257885,OK,98.3
2026-09-14T11:18:38,1263087,OK,221.1
2026-09-14T11:18:43,1268780,OK,262.6
2026-09-14T11:18:49,1274306,OK,270.3
2026-09-14T11:18:55,1280208,OK,99.8
2026-09-14T11:19:01,1285943,OK,98.2
2026-09-14T11:19:07,1292077,OK,108.8
2026-09-14T11:19:12,1297821,OK,98.5
2026-09-14T11:19:18,1303556,OK,97.9
2026-09-14T11:19:24,1309290,OK,98.5
2026-09-14T11:19:29,1314812,OK,106.2
2026-09-14T11:19:35,1320434,OK,219.6
2026-09-14T11:19:41,1326289,OK,98.1
2026-09-14T11:19:47,1331818,OK,99.1
2026-09-14T11:19:52,1337953,OK,107.6
2026-09-14T11:19:58,1343492,OK,201.6
2026-09-14T11:20:04,1349330,OK,98.1
2026-09-14T11:20:09,1354652,OK,100.9
2026-09-14T11:20:15,1360229,OK,258.3
2026-09-14T11:20:20,1365760,OK,261.2
2026-09-14T11:20:25,1371245,OK,98.2
2026-09-14T11:20:31,1376454,OK,214.7
2026-09-14T11:20:37,1382100,OK,100.5
2026-09-14T11:20:42,1387832,OK,98.7
2026-09-14T11:20:48,1393567,OK,98.1
2026-09-14T11:20:54,1399301,OK,99.6
2026-09-14T11:21:00,1405036,OK,98.0
2026-09-14T11:21:05,1410771,OK,97.5
2026-09-14T11:21:11,1416291,OK,107.9
2026-09-14T11:21:17,1422065,OK,272.4
2026-09-14T11:21:22,1427760,OK,106.9
2026-09-14T11:21:28,1433543,OK,263.1
2026-09-14T11:21:34,1439030,OK,102.1
2026-09-14T11:21:39,1444797,OK,275.1
2026-09-14T11:21:45,1450485,OK,218.3
2026-09-14T11:21:51,1456331,OK,106.9
2026-09-14T11:21:57,1462074,OK,302.9
2026-09-14T11:22:03,1468013,OK,303.1
2026-09-14T11:22:09,1473943,OK,312.3
2026-09-14T11:22:15,1479892,OK,302.6
2026-09-14T11:22:21,1486231,OK,107.7
2026-09-14T11:22:27,1491976,OK,301.9
2026-09-14T11:22:32,1497709,OK,98.6
2026-09-14T11:22:38,1503444,OK,99.3
2026-09-14T11:22:44,1509218,OK,263.2
2026-09-14T11:22:50,1515117,OK,98.6
2026-09-14T11:22:55,1520852,OK,99.7
2026-09-14T11:23:01,1526368,OK,111.7
2026-09-14T11:23:06,1532116,OK,98.2
2026-09-14T11:23:12,1537628,OK,115.7
2026-09-14T11:23:17,1542858,OK,211.8
2026-09-14T11:23:23,1548483,OK,116.9
2026-09-14T11:23:29,1554235,OK,102.0
2026-09-14T11:23:35,1559959,OK,212.3
2026-09-14T11:23:40,1565807,OK,98.2
2026-09-14T11:23:46,1571367,OK,272.4
2026-09-14T11:23:52,1577267,OK,107.0
2026-09-14T11:23:58,1583250,OK,267.9
2026-09-14T11:24:04,1589554,OK,107.9
2026-09-14T11:24:10,1595093,OK,98.5
2026-09-14T11:24:15,1600818,OK,108.0
2026-09-14T11:24:21,1606562,OK,98.5
2026-09-14T11:24:27,1612487,OK,317.5
2026-09-14T11:24:33,1618441,OK,98.0
2026-09-14T11:24:39,1623643,OK,221.3
2026-09-14T11:24:44,1629701,OK,102.2
2026-09-14T11:24:50,1635482,OK,262.9
2026-09-14T11:24:56,1641378,OK,98.9
2026-09-14T11:25:02,1646758,OK,248.3
2026-09-14T11:25:08,1652634,OK,107.3
2026-09-14T11:25:13,1658577,OK,103.4
2026-09-14T11:25:19,1664308,OK,213.4
2026-09-14T11:25:25,1670554,OK,109.4
2026-09-14T11:25:30,1675766,OK,223.1
2026-09-14T11:25:36,1681608,OK,113.4
2026-09-14T11:25:42,1687033,OK,222.7
2026-09-14T11:25:47,1692879,OK,109.3
2026-09-14T11:25:53,1698096,OK,214.0
2026-09-14T11:25:58,1703741,OK,100.4
2026-09-14T11:26:04,1709096,OK,273.6
2026-09-14T11:26:09,1714793,OK,105.9
2026-09-14T11:26:15,1720535,OK,98.3
2026-09-14T11:26:21,1726460,OK,112.6
2026-09-14T11:26:26,1731791,OK,106.4
2026-09-14T11:26:32,1737564,OK,272.6
2026-09-14T11:26:38,1743514,OK,262.8
2026-09-14T11:26:44,1749403,OK,314.7
2026-09-14T11:26:50,1755341,OK,108.5
2026-09-14T11:26:56,1761127,OK,261.9
2026-09-14T11:27:01,1766661,OK,158.3
2026-09-14T11:27:07,1772236,OK,110.6
2026-09-14T11:27:12,1777984,OK,99.3
2026-09-14T11:27:18,1783513,OK,97.7
2026-09-14T11:27:24,1789437,OK,113.4
2026-09-14T11:27:30,1795216,OK,273.1
2026-09-14T11:27:36,1801155,OK,277.8
2026-09-14T11:27:42,1807055,OK,108.0
2026-09-14T11:27:47,1812800,OK,98.7
2026-09-14T11:27:53,1818523,OK,109.9
2026-09-14T11:27:58,1823857,OK,100.6
2026-09-14T11:28:03,1829182,OK,101.8
2026-09-14T11:28:09,1834550,OK,262.4
2026-09-14T11:28:15,1840083,OK,258.5
2026-09-14T11:28:20,1845773,OK,97.9
2026-09-14T11:28:25,1850995,OK,200.1
2026-09-14T11:28:31,1856268,OK,252.7
2026-09-14T11:28:36,1861744,OK,100.7
2026-09-14T11:28:42,1867466,OK,113.2
2026-09-14T11:28:47,1872802,OK,205.4
2026-09-14T11:28:53,1878227,OK,105.2
2026-09-14T11:28:59,1883848,OK,221.1
2026-09-14T11:29:05,1889744,OK,261.9
2026-09-14T11:29:10,1895642,OK,98.3
2026-09-14T11:29:16,1901172,OK,98.3
2026-09-14T11:29:22,1906906,OK,98.5
2026-09-14T11:29:28,1912641,OK,303.0
2026-09-14T11:29:33,1918580,OK,98.4
2026-09-14T11:29:39,1924314,OK,99.6
2026-09-14T11:29:45,1930049,OK,100.9
2026-09-14T11:29:50,1935784,OK,97.5
2026-09-14T11:29:56,1941398,OK,218.8
2026-09-14T11:30:02,1947242,OK,108.9
2026-09-14T11:30:08,1952822,OK,263.4
2026-09-14T11:30:13,1958752,OK,272.6
2026-09-14T11:30:19,1964646,OK,112.2
2026-09-14T11:30:25,1969985,OK,98.7
2026-09-14T11:30:30,1975820,OK,100.9
2026-09-14T11:30:36,1981587,OK,273.2
2026-09-14T11:30:42,1987282,OK,107.9
2026-09-14T11:30:47,1993026,OK,98.3
2026-09-14T11:30:53,1998538,OK,116.1
2026-09-14T11:30:59,2004281,OK,107.3
2026-09-14T11:31:05,2010025,OK,98.2
2026-09-14T11:31:10,2015750,OK,107.6
2026-09-14T11:31:16,2021289,OK,98.0
2026-09-14T11:31:21,2026819,OK,98.1
2026-09-14T11:31:27,2032332,OK,114.4
2026-09-14T11:31:32,2037878,OK,98.3
2026-09-14T11:31:38,2043398,OK,107.3
2026-09-14T11:31:44,2049142,OK,98.3
2026-09-14T11:31:50,2054877,OK,97.8
2026-09-14T11:31:55,2060611,OK,99.5
2026-09-14T11:32:01,2066346,OK,98.1
2026-09-14T11:32:06,2072080,OK,98.1
2026-09-14T11:32:12,2077401,OK,204.8
2026-09-14T11:32:17,2083078,OK,262.3
2026-09-14T11:32:24,2088563,OK,102.2
2026-09-14T11:32:29,2094701,OK,108.4
2026-09-14T11:32:35,2100446,OK,97.6
2026-09-14T11:32:40,2106130,OK,148.5
2026-09-14T11:32:46,2111351,OK,253.1
2026-09-14T11:32:51,2116829,OK,99.1
2026-09-14T11:32:57,2122360,OK,97.3
2026-09-14T11:33:03,2128294,OK,102.8
2026-09-14T11:33:09,2134229,OK,107.1
2026-09-14T11:33:15,2139963,OK,107.8
2026-09-14T11:33:20,2145707,OK,97.5
2026-09-14T11:33:26,2151471,OK,273.7
2026-09-14T11:33:32,2157160,OK,114.4
2026-09-14T11:33:38,2162911,OK,97.8
2026-09-14T11:33:43,2168645,OK,97.2
2026-09-14T11:33:49,2174175,OK,98.1
2026-09-14T11:33:54,2179940,OK,171.6
2026-09-14T11:34:00,2185335,OK,99.9
2026-09-14T11:34:05,2191072,OK,97.3
2026-09-14T11:34:11,2196441,OK,258.1
2026-09-14T11:34:16,2201953,OK,276.0
2026-09-14T11:34:22,2207452,OK,103.8
2026-09-14T11:34:27,2212971,OK,112.4
2026-09-14T11:34:33,2218191,OK,217.1
2026-09-14T11:34:39,2223830,OK,107.9
2026-09-14T11:34:44,2229605,OK,271.3
2026-09-14T11:34:50,2235500,OK,111.7
2026-09-14T11:34:56,2241035,OK,105.4
2026-09-14T11:35:01,2246777,OK,97.9
2026-09-14T11:35:07,2251999,OK,201.7
2026-09-14T11:35:12,2257837,OK,98.6
2026-09-14T11:35:18,2263559,OK,109.6
2026-09-14T11:35:24,2269336,OK,271.8
2026-09-14T11:35:30,2275644,OK,107.8
2026-09-14T11:35:36,2281183,OK,201.8
2026-09-14T11:35:41,2286817,OK,98.0
2026-09-14T11:35:47,2292553,OK,300.6
2026-09-14T11:35:54,2298521,OK,272.7
2026-09-14T11:36:00,2304830,OK,107.2
2026-09-14T11:36:05,2310769,OK,107.9
2026-09-14T11:36:11,2316513,OK,98.4
2026-09-14T11:36:17,2322277,OK,272.9
2026-09-14T11:36:22,2327774,OK,91.7
2026-09-14T11:36:28,2332941,OK,259.5
2026-09-14T11:36:33,2338866,OK,274.6
2026-09-14T11:36:39,2344244,OK,219.5
2026-09-14T11:36:45,2350130,OK,272.7
2026-09-14T11:36:51,2356039,OK,98.3
2026-09-14T11:36:57,2361970,OK,106.5
2026-09-14T11:37:03,2368113,OK,110.3
2026-09-14T11:37:09,2373847,OK,109.6
2026-09-14T11:37:14,2379781,OK,113.1
2026-09-14T11:37:20,2385530,OK,201.9
2026-09-14T11:37:26,2391163,OK,98.9
2026-09-14T11:37:32,2396931,OK,270.5
2026-09-14T11:37:37,2402633,OK,98.3
2026-09-14T11:37:43,2407993,OK,267.9
2026-09-14T11:37:49,2413927,OK,272.3
2026-09-14T11:37:54,2419822,OK,111.7
2026-09-14T11:37:59,2425160,OK,98.6
2026-09-14T11:38:05,2430371,OK,212.4
2026-09-14T11:38:10,2436006,OK,108.2
2026-09-14T11:38:16,2441532,OK,112.0
2026-09-14T11:38:22,2447119,OK,258.1
2026-09-14T11:38:27,2453013,OK,99.1
2026-09-14T11:38:33,2458543,OK,99.6
2026-09-14T11:38:39,2464308,OK,272.8
2026-09-14T11:38:45,2470217,OK,97.8
2026-09-14T11:38:50,2475941,OK,108.8
2026-09-14T11:38:56,2481482,OK,97.5
2026-09-14T11:39:01,2486698,OK,95.6
2026-09-14T11:39:07,2492439,OK,99.0
2026-09-14T11:39:12,2497762,OK,100.5
2026-09-14T11:39:18,2503293,OK,101.3
2026-09-14T11:39:24,2509028,OK,92.6
2026-09-14T11:39:30,2514757,OK,206.1
2026-09-14T11:39:35,2520790,OK,113.0
2026-09-14T11:39:41,2526526,OK,111.2
2026-09-14T11:39:47,2532273,OK,98.8
2026-09-14T11:39:52,2538007,OK,99.3
2026-09-14T11:39:58,2543334,OK,97.2
2026-09-14T11:40:03,2548893,OK,272.7
2026-09-14T11:40:09,2554589,OK,105.1
2026-09-14T11:40:15,2560330,OK,98.6
2026-09-14T11:40:21,2566065,OK,98.0
2026-09-14T11:40:27,2572199,OK,108.0
2026-09-14T11:40:33,2577784,OK,257.6
2026-09-14T11:40:38,2583678,OK,98.0
2026-09-14T11:40:44,2589200,OK,105.6
2026-09-14T11:40:50,2594932,OK,108.1
2026-09-14T11:40:55,2600706,OK,273.1
2026-09-14T11:41:01,2606235,OK,275.6
2026-09-14T11:41:07,2612185,OK,262.9
2026-09-14T11:41:13,2618125,OK,163.7
2026-09-14T11:41:19,2623748,OK,272.2
2026-09-14T11:41:24,2629657,OK,99.0
2026-09-14T11:41:29,2635169,OK,115.3
2026-09-14T11:41:35,2640507,OK,103.1
2026-09-14T11:41:40,2645834,OK,100.4
2026-09-14T11:41:46,2651348,OK,115.6
2026-09-14T11:41:52,2657100,OK,98.3
2026-09-14T11:41:57,2663025,OK,112.3
2026-09-14T11:42:03,2668561,OK,106.2
2026-09-14T11:42:09,2674098,OK,98.6
2026-09-14T11:42:14,2680024,OK,111.8
2026-09-14T11:42:19,2685358,OK,104.3
2026-09-14T11:42:25,2690565,OK,221.4
2026-09-14T11:42:31,2695909,OK,201.3
2026-09-14T11:42:36,2701746,OK,98.6
2026-09-14T11:42:41,2707276,OK,100.1
2026-09-14T11:42:47,2712489,OK,210.1
2026-09-14T11:42:53,2718530,OK,211.7
2026-09-14T11:42:59,2724159,OK,113.7
2026-09-14T11:43:04,2729697,OK,104.0
2026-09-14T11:43:10,2735263,OK,272.4
2026-09-14T11:43:16,2740958,OK,107.1
2026-09-14T11:43:21,2746692,OK,109.0
2026-09-14T11:43:27,2752223,OK,106.2
2026-09-14T11:43:33,2758005,OK,263.3
2026-09-14T11:43:39,2763905,OK,97.8
2026-09-14T11:43:45,2769829,OK,113.0
2026-09-14T11:43:50,2775574,OK,307.2
2026-09-14T11:43:56,2781507,OK,108.6
2026-09-14T11:44:02,2787252,OK,98.5
2026-09-14T11:44:07,2792977,OK,109.4
2026-09-14T11:44:13,2798309,OK,100.4
2026-09-14T11:44:18,2803831,OK,110.6
2026-09-14T11:44:23,2809164,OK,99.8
2026-09-14T11:44:29,2814486,OK,206.0
2026-09-14T11:44:35,2820318,OK,108.5
2026-09-14T11:44:41,2826093,OK,280.2
2026-09-14T11:44:47,2832002,OK,106.5
2026-09-14T11:44:52,2837729,OK,105.7
2026-09-14T11:44:58,2843461,OK,108.0
2026-09-14T11:45:03,2848690,OK,205.5
2026-09-14T11:45:09,2854325,OK,100.5
2026-09-14T11:45:15,2860050,OK,107.9
2026-09-14T11:45:20,2865620,OK,272.3
2026-09-14T11:45:26,2871306,OK,116.2
2026-09-14T11:45:32,2876855,OK,96.7
2026-09-14T11:45:38,2882989,OK,106.7
2026-09-14T11:45:44,2888762,OK,272.9
2026-09-14T11:45:50,2894701,OK,273.0
2026-09-14T11:45:55,2900610,OK,98.5
2026-09-14T11:46:01,2905812,OK,221.7
2026-09-14T11:46:06,2911660,OK,108.7
2026-09-14T11:46:13,2916883,OK,108.2
2026-09-14T11:46:18,2923652,OK,97.7
2026-09-14T11:46:24,2929386,OK,99.7
2026-09-14T11:46:30,2934900,OK,113.7
2026-09-14T11:46:36,2940680,OK,272.9
2026-09-14T11:46:41,2946589,OK,98.4
2026-09-14T11:46:47,2952519,OK,108.4
2026-09-14T11:46:53,2958051,OK,105.2
2026-09-14T11:46:58,2963793,OK,97.7
2026-09-14T11:47:04,2969559,OK,270.9
2026-09-14T11:47:09,2974902,OK,252.8
2026-09-14T11:47:15,2980257,OK,222.8
2026-09-14T11:47:21,2986108,OK,106.0
2026-09-14T11:47:27,2991880,OK,273.3
2026-09-14T11:47:32,2997789,OK,104.2
2026-09-14T11:47:38,3003106,OK,106.5
2026-09-14T11:47:44,3008849,OK,98.0
2026-09-14T11:47:50,3014986,OK,210.0
2026-09-14T11:47:55,3020816,OK,112.7
2026-09-14T11:48:01,3026390,OK,273.2
2026-09-14T11:48:06,3031766,OK,223.8
2026-09-14T11:48:12,3037460,OK,262.5
2026-09-14T11:48:18,3043154,OK,98.1
2026-09-14T11:48:24,3048929,OK,262.3
2026-09-14T11:48:30,3055228,OK,109.4
2026-09-14T11:48:36,3061002,OK,111.4
2026-09-14T11:48:41,3066692,OK,112.2
2026-09-14T11:48:48,3072628,OK,117.7
2026-09-14T11:48:53,3078780,OK,107.5
2026-09-14T11:48:59,3084524,OK,98.7
2026-09-14T11:49:05,3090259,OK,97.4
2026-09-14T11:49:10,3095778,OK,108.0
2026-09-14T11:49:16,3101109,OK,102.6
2026-09-14T11:49:21,3106837,OK,109.2
2026-09-14T11:49:26,3112049,OK,221.9
2026-09-14T11:49:32,3117493,OK,205.3
2026-09-14T11:49:38,3123366,OK,271.6
2026-09-14T11:49:44,3129060,OK,108.8
2026-09-14T11:49:50,3134991,OK,115.7
2026-09-14T11:49:55,3140745,OK,96.0
2026-09-14T11:50:01,3146477,OK,98.3
2026-09-14T11:50:07,3152242,OK,273.4
2026-09-14T11:50:13,3158151,OK,98.0
2026-09-14T11:50:19,3163885,OK,99.9
2026-09-14T11:50:25,3169621,OK,98.1
2026-09-14T11:50:30,3175755,OK,106.8
2026-09-14T11:50:36,3181498,OK,98.3
2026-09-14T11:50:42,3187233,OK,97.9
2026-09-14T11:50:47,3192960,OK,106.8
2026-09-14T11:50:53,3198289,OK,101.0
2026-09-14T11:50:59,3204026,OK,98.4
2026-09-14T11:51:04,3209751,OK,107.8
2026-09-14T11:51:10,3215085,OK,202.3
2026-09-14T11:51:15,3220720,OK,96.7
2026-09-14T11:51:21,3226483,OK,273.1
2026-09-14T11:51:27,3231973,OK,107.8
2026-09-14T11:51:33,3237747,OK,272.9
2026-09-14T11:51:38,3243686,OK,280.5
2026-09-14T11:51:44,3249422,OK,272.5
2026-09-14T11:51:49,3254812,OK,206.4
2026-09-14T11:51:55,3260480,OK,274.9
2026-09-14T11:52:00,3265868,OK,209.7
2026-09-14T11:52:06,3271500,OK,107.4
2026-09-14T11:52:12,3277234,OK,107.8
2026-09-14T11:52:18,3283018,OK,263.0
2026-09-14T11:52:23,3288908,OK,108.3
2026-09-14T11:52:29,3294279,OK,266.1
2026-09-14T11:52:35,3300171,OK,108.5
2026-09-14T11:52:41,3305910,OK,103.9
2026-09-14T11:52:46,3311640,OK,109.4
2026-09-14T11:52:52,3316974,OK,202.7
2026-09-14T11:52:57,3322803,OK,108.8
2026-09-14T11:53:03,3328343,OK,97.7
2026-09-14T11:53:08,3333872,OK,98.3
2026-09-14T11:53:14,3339225,OK,274.9
2026-09-14T11:53:20,3345136,OK,98.8
2026-09-14T11:53:26,3350871,OK,97.8
2026-09-14T11:53:31,3356595,OK,110.9
2026-09-14T11:53:37,3362325,OK,115.3
2026-09-14T11:53:43,3367709,OK,258.3
2026-09-14T11:53:48,3373634,OK,272.5
2026-09-14T11:53:54,3379130,OK,101.4
2026-09-14T11:53:59,3384858,OK,107.9
2026-09-14T11:54:04,3390069,OK,222.6
2026-09-14T11:54:10,3395557,OK,264.4
2026-09-14T11:54:16,3401252,OK,100.9
2026-09-14T11:54:22,3406811,OK,276.3
2026-09-14T11:54:28,3412721,OK,100.9
2026-09-14T11:54:34,3418695,OK,166.4
2026-09-14T11:54:40,3424898,OK,107.4
2026-09-14T11:54:45,3430832,OK,115.1
2026-09-14T11:54:51,3436361,OK,114.9
2026-09-14T11:54:58,3442301,LOST,-1.0
2026-09-14T11:55:04,3448857,OK,110.4
2026-09-14T11:55:09,3454593,OK,108.6
2026-09-14T11:55:15,3460338,OK,89.0
2026-09-14T11:55:21,3465853,OK,112.7
2026-09-14T11:55:26,3471592,OK,99.1
2026-09-14T11:55:32,3477377,OK,262.3
2026-09-14T11:55:38,3482744,OK,220.1
2026-09-14T11:55:43,3488630,OK,273.3
2026-09-14T11:55:49,3494335,OK,98.1
2026-09-14T11:55:54,3499746,OK,216.7
2026-09-14T11:55:59,3505187,OK,100.8
2026-09-14T11:56:05,3510711,OK,106.3
2026-09-14T11:56:11,3516081,OK,164.3
2026-09-14T11:56:16,3521882,OK,97.8
2026-09-14T11:56:22,3527412,OK,97.5
2026-09-14T11:56:28,3533546,OK,107.5
2026-09-14T11:56:33,3539290,OK,98.6
2026-09-14T11:56:39,3544491,OK,223.9
2026-09-14T11:56:45,3550379,OK,272.9
2026-09-14T11:56:50,3556074,OK,108.0
2026-09-14T11:56:56,3561602,OK,111.0
2026-09-14T11:57:02,3567340,OK,106.7
2026-09-14T11:57:08,3573482,OK,110.6
2026-09-14T11:57:13,3578816,OK,99.5
2026-09-14T11:57:19,3584541,OK,107.9
2026-09-14T11:57:25,3590325,OK,263.1
2026-09-14T11:57:31,3596210,OK,112.6
2026-09-14T11:57:37,3601990,OK,272.9
2026-09-14T11:57:42,3607899,OK,97.3
2026-09-14T11:57:48,3613419,OK,212.8
2026-09-14T11:57:54,3619251,OK,112.7
2026-09-14T11:57:59,3624795,OK,101.0
2026-09-14T11:58:05,3630309,OK,114.0
2026-09-14T11:58:10,3635855,OK,99.0
2026-09-14T11:58:16,3641180,OK,97.5
2026-09-14T11:58:22,3646904,OK,109.0
2026-09-14T11:58:27,3652678,OK,279.9
2026-09-14T11:58:33,3658383,OK,97.8
2026-09-14T11:58:39,3664102,OK,113.1
2026-09-14T11:58:45,3669881,OK,275.1
2026-09-14T11:58:51,3675586,OK,98.7
2026-09-14T11:58:57,3681724,OK,104.1
2026-09-14T11:59:02,3687664,OK,103.3
2026-09-14T11:59:08,3693396,OK,105.7
2026-09-14T11:59:13,3698617,OK,214.1
2026-09-14T11:59:19,3704253,OK,104.2
2026-09-14T11:59:24,3709628,OK,258.8
2026-09-14T11:59:29,3715209,OK,107.6
2026-09-14T11:59:35,3720539,OK,100.3
2026-09-14T11:59:41,3726070,OK,99.0
2026-09-14T11:59:46,3731845,OK,263.1
2026-09-14T11:59:52,3737214,OK,218.8
2026-09-14T11:59:57,3742856,OK,115.4
2026-09-14T12:00:03,3748189,OK,98.5
2026-09-14T12:00:08,3753709,OK,108.3
2026-09-14T12:00:21,3766925,OK,206.6
2026-09-14T12:00:27,3772358,OK,87.2
2026-09-14T12:00:32,3777681,OK,100.8
2026-09-14T12:00:38,3783446,OK,273.1
2026-09-14T12:00:44,3789354,OK,98.6
2026-09-14T12:00:50,3795489,OK,107.9
2026-09-14T12:00:56,3801424,OK,113.4
2026-09-14T12:01:01,3806640,OK,220.6
2026-09-14T12:01:07,3812282,OK,108.3
2026-09-14T12:01:12,3817702,OK,217.9
2026-09-14T12:01:17,3823023,OK,221.8
2026-09-14T12:01:23,3828668,OK,107.4
2026-09-14T12:01:29,3834190,OK,114.0
2026-09-14T12:01:34,3839940,OK,98.6
2026-09-14T12:01:40,3845460,OK,109.8
2026-09-14T12:01:46,3851200,OK,102.6
2026-09-14T12:01:52,3856939,OK,98.0
2026-09-14T12:01:57,3862663,OK,110.9
2026-09-14T12:02:03,3868409,OK,200.2
2026-09-14T12:02:09,3874439,OK,109.5
2026-09-14T12:02:15,3880175,OK,108.2
2026-09-14T12:02:21,3885950,OK,272.1
2026-09-14T12:02:27,3891890,OK,272.9
2026-09-14T12:02:32,3897583,OK,111.5
2026-09-14T12:02:37,3902811,OK,204.9
2026-09-14T12:02:43,3908270,OK,275.5
2026-09-14T12:02:49,3914182,OK,98.9
2026-09-14T12:02:55,3919906,OK,313.6
2026-09-14T12:03:01,3925855,OK,99.0
2026-09-14T12:03:06,3931590,OK,98.2
2026-09-14T12:03:12,3937324,OK,303.2
2026-09-14T12:03:18,3943257,OK,104.7
2026-09-14T12:03:23,3948998,OK,98.8
2026-09-14T12:03:29,3954512,OK,113.9
2026-09-14T12:03:35,3960254,OK,106.2
2026-09-14T12:03:41,3965996,OK,202.4
2026-09-14T12:03:47,3971864,OK,273.2
2026-09-14T12:03:53,3977804,OK,273.6
2026-09-14T12:03:58,3983743,OK,273.0
2026-09-14T12:04:03,3989119,OK,223.2
2026-09-14T12:04:09,3994565,OK,100.3
2026-09-14T12:04:14,4000302,OK,98.1
2026-09-14T12:04:20,4005520,OK,204.6
2026-09-14T12:04:26,4011361,OK,98.0
2026-09-14T12:04:31,4017087,OK,106.6
2026-09-14T12:04:37,4022608,OK,115.1
2026-09-14T12:04:43,4028360,OK,100.9
2026-09-14T12:04:49,4033944,OK,251.5
2026-09-14T12:04:54,4039828,OK,100.2
2026-09-14T12:04:59,4045152,OK,100.0
2026-09-14T12:05:05,4050675,OK,106.2
2026-09-14T12:05:11,4055895,OK,211.5
2026-09-14T12:05:17,4061934,OK,217.1
2026-09-14T12:05:22,4067776,OK,110.7
2026-09-14T12:05:28,4073520,OK,98.7
2026-09-14T12:05:33,4079040,OK,108.7
2026-09-14T12:05:39,4084221,OK,252.1
2026-09-14T12:05:45,4090109,OK,87.5
2026-09-14T12:05:50,4095833,OK,109.6
2026-09-14T12:05:56,4101578,OK,200.8
2026-09-14T12:06:02,4107199,OK,109.5
2026-09-14T12:06:08,4113335,OK,118.4
2026-09-14T12:06:14,4118874,OK,106.9
2026-09-14T12:06:19,4124617,OK,101.5
2026-09-14T12:06:24,4130137,OK,109.3
2026-09-14T12:06:30,4135359,OK,212.9
2026-09-14T12:06:36,4141240,OK,268.7
2026-09-14T12:06:42,4147169,OK,280.3
2026-09-14T12:06:48,4153085,OK,103.5
2026-09-14T12:06:54,4159060,OK,369.9
2026-09-14T12:07:00,4165466,OK,109.6
2026-09-14T12:07:05,4170803,OK,95.8
2026-09-14T12:07:10,4176122,OK,102.0
2026-09-14T12:07:16,4181448,OK,100.4
2026-09-14T12:07:22,4186980,OK,98.1
2026-09-14T12:07:28,4192704,OK,100.4
2026-09-14T12:07:33,4199049,OK,215.2
2026-09-14T12:07:39,4204517,OK,276.3
2026-09-14T12:07:45,4210625,OK,108.6
2026-09-14T12:07:51,4215947,OK,111.4
2026-09-14T12:07:56,4221723,OK,171.2
2026-09-14T12:08:02,4227526,OK,93.2
2026-09-14T12:08:08,4233049,OK,110.9
2026-09-14T12:08:13,4238794,OK,99.8
2026-09-14T12:08:19,4244529,OK,98.1
2026-09-14T12:08:25,4250665,OK,111.0
2026-09-14T12:08:31,4256407,OK,201.9
2026-09-14T12:08:36,4262240,OK,104.9
2026-09-14T12:08:42,4267598,OK,277.0
2026-09-14T12:08:48,4272978,OK,219.8
2026-09-14T12:08:53,4279024,OK,318.3
2026-09-14T12:08:59,4284558,OK,110.3
2026-09-14T12:09:05,4290333,OK,273.0
2026-09-14T12:09:10,4295718,OK,214.7
2026-09-14T12:09:16,4301356,OK,108.1
2026-09-14T12:09:29,4314201,OK,161.9
2026-09-14T12:09:34,4319779,OK,120.5
2026-09-14T12:09:40,4325006,OK,213.8
2026-09-14T12:09:46,4330694,OK,257.8
2026-09-14T12:09:52,4336988,OK,107.8
2026-09-14T12:09:57,4342924,OK,115.4
2026-09-14T12:10:03,4348253,OK,107.4
2026-09-14T12:10:08,4353579,OK,210.7
2026-09-14T12:10:14,4359416,OK,115.7
2026-09-14T12:10:20,4365349,OK,112.6
2026-09-14T12:10:26,4371083,OK,115.2
2026-09-14T12:10:31,4377023,OK,112.5
2026-09-14T12:10:37,4382239,OK,223.0
2026-09-14T12:10:42,4387922,OK,172.1
2026-09-14T12:10:48,4393507,OK,125.3
2026-09-14T12:10:54,4399257,OK,304.1
2026-09-14T12:11:00,4404995,OK,99.3
2026-09-14T12:11:05,4410716,OK,110.0
2026-09-14T12:11:10,4416050,OK,100.5
2026-09-14T12:11:16,4421374,OK,307.6
2026-09-14T12:11:22,4427309,OK,312.1
2026-09-14T12:11:28,4433249,OK,104.2
2026-09-14T12:11:33,4438977,OK,110.5
2026-09-14T12:11:39,4444509,OK,108.2
2026-09-14T12:11:45,4450041,OK,210.9
2026-09-14T12:11:51,4455888,OK,301.7
2026-09-14T12:11:57,4461851,OK,279.0
2026-09-14T12:12:02,4467594,OK,270.4
2026-09-14T12:12:08,4473286,OK,108.4
2026-09-14T12:12:14,4478858,OK,270.5
2026-09-14T12:12:19,4484763,OK,98.7
2026-09-14T12:12:25,4490500,OK,100.3
2026-09-14T12:12:30,4496024,OK,103.2
2026-09-14T12:12:36,4501549,OK,107.8
2026-09-14T12:12:42,4507292,OK,303.9
2026-09-14T12:12:48,4513263,OK,279.1
2026-09-14T12:12:54,4519367,OK,149.1
2026-09-14T12:13:00,4525111,OK,96.4
2026-09-14T12:13:06,4530834,OK,109.3
2026-09-14T12:13:12,4536610,OK,273.3
2026-09-14T12:13:17,4542910,OK,116.5
2026-09-14T12:13:23,4548504,OK,154.3
2026-09-14T12:13:29,4554295,OK,98.1
2026-09-14T12:13:35,4560029,OK,97.9
2026-09-14T12:13:40,4565763,OK,100.3
2026-09-14T12:13:46,4571295,OK,96.2
2026-09-14T12:13:51,4576823,OK,302.6
2026-09-14T12:13:57,4582349,OK,102.2
2026-09-14T12:14:03,4587985,OK,199.7
2026-09-14T12:14:09,4594014,OK,114.5
2026-09-14T12:14:15,4600156,OK,316.7
2026-09-14T12:14:21,4606150,OK,266.3
2026-09-14T12:14:27,4612044,OK,102.5
2026-09-14T12:14:32,4617768,OK,113.3
2026-09-14T12:14:38,4623519,OK,102.9
2026-09-14T12:14:44,4629282,OK,273.8
2026-09-14T12:14:49,4635193,OK,96.9
2026-09-14T12:14:55,4640415,OK,200.5
2026-09-14T12:15:00,4646250,OK,202.4
2026-09-14T12:15:07,4651572,OK,204.6
2026-09-14T12:15:12,4657813,OK,107.6
2026-09-14T12:15:17,4663352,OK,98.2
2026-09-14T12:15:23,4668554,OK,225.3
2026-09-14T12:15:29,4674412,OK,101.6
2026-09-14T12:15:34,4679767,OK,273.1
2026-09-14T12:15:39,4685261,OK,103.3
2026-09-14T12:15:45,4690469,OK,220.4
2026-09-14T12:15:51,4696011,OK,207.8
2026-09-14T12:15:57,4702457,OK,110.3
2026-09-14T12:16:03,4708204,OK,98.5
2026-09-14T12:16:09,4713717,OK,114.9
2026-09-14T12:16:15,4719860,OK,116.1
2026-09-14T12:16:20,4725661,OK,254.8
2026-09-14T12:16:26,4731178,OK,265.9
2026-09-14T12:16:32,4736709,OK,264.8
2026-09-14T12:16:38,4742610,OK,243.6
2026-09-14T12:16:44,4748846,OK,109.4
2026-09-14T12:16:50,4754592,OK,98.0
2026-09-14T12:16:56,4760827,OK,213.2
2026-09-14T12:17:02,4766675,OK,204.9
2026-09-14T12:17:08,4772613,OK,99.7
2026-09-14T12:17:13,4778749,OK,107.7
2026-09-14T12:17:19,4784082,OK,304.9
2026-09-14T12:17:25,4790022,OK,104.2
2026-09-14T12:17:31,4795749,OK,310.6
2026-09-14T12:17:36,4802097,OK,155.2
2026-09-14T12:17:42,4807468,OK,265.2
2026-09-14T12:17:48,4813355,OK,317.4
2026-09-14T12:17:54,4819310,OK,199.6
2026-09-14T12:17:59,4824633,OK,98.8
2026-09-14T12:18:04,4830163,OK,100.1
2026-09-14T12:18:10,4835533,OK,156.6
2026-09-14T12:18:16,4841206,OK,424.6
2026-09-14T12:18:21,4846734,OK,220.7
2026-09-14T12:18:28,4852473,OK,216.5
2026-09-14T12:18:33,4858724,OK,109.2
2026-09-14T12:18:39,4864294,OK,273.7
2026-09-14T12:18:45,4870132,OK,169.0
2026-09-14T12:18:51,4875924,OK,316.2
2026-09-14T12:18:57,4881702,OK,273.9
2026-09-14T12:19:02,4887611,OK,99.3
2026-09-14T12:19:08,4892924,OK,110.0
2026-09-14T12:19:13,4898866,OK,111.7
2026-09-14T12:19:19,4904595,OK,112.8
2026-09-14T12:19:25,4910121,OK,116.1
2026-09-14T12:19:30,4915903,OK,274.5
2026-09-14T12:19:36,4921400,OK,101.2
2026-09-14T12:19:43,4927738,OK,112.7
2026-09-14T12:19:48,4933886,OK,211.5
2026-09-14T12:19:54,4939257,OK,165.3
2026-09-14T12:20:00,4944854,OK,98.1
2026-09-14T12:20:05,4950617,OK,283.5
2026-09-14T12:20:11,4956056,OK,162.3
2026-09-14T12:20:17,4961852,OK,100.2
2026-09-14T12:20:22,4967587,OK,101.8
2026-09-14T12:20:28,4973102,OK,112.5
2026-09-14T12:20:34,4979041,OK,114.6
2026-09-14T12:20:39,4984776,OK,113.9
2026-09-14T12:20:45,4990303,OK,114.7
2026-09-14T12:20:51,4996056,OK,103.3
2026-09-14T12:20:56,5001789,OK,98.5
2026-09-14T12:21:03,5007553,OK,275.5
2026-09-14T12:21:08,5013658,OK,107.0
2026-09-14T12:21:13,5019197,OK,98.6
2026-09-14T12:21:19,5024559,OK,265.2
2026-09-14T12:21:25,5030453,OK,209.1
2026-09-14T12:21:31,5036298,OK,99.7
2026-09-14T12:21:37,5042025,OK,106.3
2026-09-14T12:21:43,5048380,OK,101.4
2026-09-14T12:21:49,5054516,OK,109.2
2026-09-14T12:21:55,5059851,OK,99.1
2026-09-14T12:22:00,5065781,OK,313.0
2026-09-14T12:22:06,5071516,OK,106.4
2026-09-14T12:22:12,5076894,OK,258.0
2026-09-14T12:22:18,5082819,LOST,-1.0
2026-09-14T12:22:24,5089332,OK,109.2
2026-09-14T12:22:30,5095276,OK,103.2
2026-09-14T12:22:35,5100801,OK,107.8
2026-09-14T12:22:41,5106332,OK,108.3
2026-09-14T12:22:47,5112067,OK,109.7
2026-09-14T12:22:52,5117809,OK,100.5
2026-09-14T12:22:58,5123545,OK,99.3
2026-09-14T12:23:03,5129118,OK,158.0
2026-09-14T12:23:09,5134498,OK,101.6
2026-09-14T12:23:15,5140236,OK,98.0
2026-09-14T12:23:20,5145796,OK,272.5
2026-09-14T12:23:26,5151542,OK,263.5
2026-09-14T12:23:32,5157425,OK,113.9
2026-09-14T12:23:37,5163159,OK,112.8
2026-09-14T12:23:43,5168345,OK,254.9
2026-09-14T12:23:49,5174013,OK,113.2
2026-09-14T12:23:55,5180164,OK,106.3
2026-09-14T12:24:00,5185938,OK,271.7
2026-09-14T12:24:06,5191434,OK,100.5
2026-09-14T12:24:12,5197162,OK,108.4
2026-09-14T12:24:17,5202700,OK,104.3
2026-09-14T12:24:23,5208623,OK,114.5
2026-09-14T12:24:29,5214404,OK,276.6
2026-09-14T12:24:34,5219796,OK,206.4
2026-09-14T12:24:40,5225306,OK,124.1
2026-09-14T12:24:45,5230854,OK,106.6
2026-09-14T12:24:51,5236578,OK,116.5
2026-09-14T12:24:57,5242361,OK,273.9
2026-09-14T12:25:02,5247858,OK,100.3
2026-09-14T12:25:08,5253434,OK,259.5
2026-09-14T12:25:14,5259321,OK,106.1
2026-09-14T12:25:20,5265053,OK,110.7
2026-09-14T12:25:25,5270793,OK,104.1
2026-09-14T12:25:31,5276121,OK,100.3
2026-09-14T12:25:36,5281644,OK,109.6
2026-09-14T12:25:41,5287008,OK,273.1
2026-09-14T12:25:47,5292504,OK,101.5
2026-09-14T12:25:53,5298271,OK,273.5
2026-09-14T12:25:59,5304210,OK,274.1
2026-09-14T12:26:04,5309917,OK,99.0
2026-09-14T12:26:10,5315436,OK,107.1
2026-09-14T12:26:16,5320815,OK,157.6
2026-09-14T12:26:21,5326638,OK,272.3
2026-09-14T12:26:27,5332531,OK,113.3
2026-09-14T12:26:33,5338281,OK,98.0
2026-09-14T12:26:39,5344048,OK,270.9
2026-09-14T12:26:44,5350152,OK,105.9
2026-09-14T12:26:51,5355361,OK,221.2
2026-09-14T12:26:57,5361820,OK,111.2
2026-09-14T12:27:02,5367763,OK,112.6
2026-09-14T12:27:08,5373502,OK,103.2
2026-09-14T12:27:14,5379276,OK,166.0
2026-09-14T12:27:20,5385168,OK,111.0
2026-09-14T12:27:26,5390915,OK,98.2
2026-09-14T12:27:32,5397049,OK,110.3
2026-09-14T12:27:38,5402983,OK,115.8
2026-09-14T12:27:44,5408735,OK,98.9
2026-09-14T12:27:49,5414701,OK,173.9
2026-09-14T12:27:55,5420511,OK,98.0
2026-09-14T12:28:01,5426646,OK,107.5
2026-09-14T12:28:07,5432417,OK,275.0
2026-09-14T12:28:13,5438360,OK,270.6
2026-09-14T12:28:20,5444668,OK,106.7
2026-09-14T12:28:25,5450811,OK,109.0
2026-09-14T12:28:31,5456554,OK,103.0
2026-09-14T12:28:37,5462479,OK,115.3
2026-09-14T12:28:43,5468258,OK,272.7
2026-09-14T12:28:49,5474168,OK,97.6
2026-09-14T12:28:54,5479690,OK,109.8
2026-09-14T12:29:00,5485361,OK,168.9
2026-09-14T12:29:05,5491166,OK,99.6
2026-09-14T12:29:11,5496420,OK,170.0
2026-09-14T12:29:17,5501847,OK,273.7
2026-09-14T12:29:23,5507946,OK,111.3
2026-09-14T12:29:29,5514199,OK,105.6
2026-09-14T12:29:34,5519973,OK,271.1
2026-09-14T12:29:41,5525551,OK,223.5
2026-09-14T12:29:46,5531810,OK,108.7
2026-09-14T12:29:52,5537042,OK,201.6
2026-09-14T12:29:58,5543483,OK,111.1
2026-09-14T12:30:04,5548847,OK,275.0
2026-09-14T12:30:09,5554750,OK,110.4
2026-09-14T12:30:15,5560291,OK,98.9
2026-09-14T12:30:20,5565643,OK,276.9
2026-09-14T12:30:25,5571074,OK,170.7
2026-09-14T12:30:31,5576508,OK,264.0
2026-09-14T12:30:37,5582202,OK,302.2
2026-09-14T12:30:42,5587926,OK,107.5
2026-09-14T12:30:48,5593456,OK,109.2
2026-09-14T12:30:53,5598874,OK,218.9
2026-09-14T12:30:59,5604400,OK,222.9
2026-09-14T12:31:05,5610291,OK,272.5
2026-09-14T12:31:11,5616600,OK,106.6
2026-09-14T12:31:17,5622387,OK,263.0
2026-09-14T12:31:23,5628111,OK,269.9
2026-09-14T12:31:28,5633609,OK,99.3
2026-09-14T12:31:34,5639374,OK,273.0
2026-09-14T12:31:40,5645111,OK,268.5
2026-09-14T12:31:46,5650603,OK,101.4
2026-09-14T12:31:51,5656741,OK,109.6
2026-09-14T12:31:57,5662119,OK,259.1
2026-09-14T12:32:03,5668047,OK,273.9
2026-09-14T12:32:37,5701842,OK,268.3
2026-09-14T12:32:42,5707734,OK,108.9
2026-09-14T12:32:48,5713155,OK,217.5
2026-09-14T12:32:54,5719052,OK,264.9
2026-09-14T12:32:59,5724944,OK,102.9
2026-09-14T12:33:04,5730200,OK,171.6
2026-09-14T12:33:10,5735523,OK,176.2
2026-09-14T12:33:15,5740854,OK,170.0
2026-09-14T12:33:22,5746483,OK,277.9
2026-09-14T12:33:27,5752624,OK,287.5
2026-09-14T12:33:33,5758330,OK,107.3
2026-09-14T12:33:38,5763861,OK,98.0
2026-09-14T12:33:44,5769063,OK,221.1
2026-09-14T12:33:50,5775111,OK,112.3
2026-09-14T12:33:55,5780859,OK,98.6
2026-09-14T12:34:01,5786579,OK,115.7
2026-09-14T12:34:06,5791903,OK,113.7
2026-09-14T12:34:11,5797130,OK,215.5
2026-09-14T12:34:17,5802570,OK,98.1
2026-09-14T12:34:22,5808297,OK,104.1
2026-09-14T12:34:28,5813521,OK,264.3
2026-09-14T12:34:34,5819354,OK,312.7
2026-09-14T12:34:39,5825085,OK,110.5
2026-09-14T12:34:45,5830510,OK,223.1
2026-09-14T12:34:51,5835994,OK,260.8
2026-09-14T12:34:56,5841719,OK,273.5
2026-09-14T12:35:02,5847256,OK,263.1
2026-09-14T12:35:08,5853196,OK,262.2
2026-09-14T12:35:13,5858712,OK,275.9
2026-09-14T12:35:19,5864141,OK,174.6
2026-09-14T12:35:24,5869774,OK,272.9
2026-09-14T12:35:30,5875169,OK,215.7
2026-09-14T12:35:35,5880850,OK,256.7
2026-09-14T12:35:41,5886376,OK,261.6
2026-09-14T12:35:47,5892467,OK,113.4
2026-09-14T12:35:53,5897844,OK,261.0
2026-09-14T12:35:58,5903584,OK,260.5
2026-09-14T12:36:04,5909271,OK,100.3
2026-09-14T12:36:10,5915032,OK,277.9
2026-09-14T12:36:16,5920622,OK,217.8
2026-09-14T12:36:21,5926876,OK,108.9
2026-09-14T12:36:27,5932399,OK,119.8
2026-09-14T12:36:32,5937932,OK,113.1
2026-09-14T12:36:38,5943459,OK,118.2
2026-09-14T12:36:43,5949000,OK,104.4
2026-09-14T12:36:49,5954521,OK,109.6
2026-09-14T12:36:55,5960299,OK,283.2
2026-09-14T12:37:01,5965988,OK,114.1
2026-09-14T12:37:07,5971779,OK,262.3
2026-09-14T12:37:12,5977708,OK,270.5
2026-09-14T12:37:19,5983451,OK,466.0
2026-09-14T12:37:25,5989790,OK,273.7
2026-09-14T12:37:30,5995693,OK,106.8
2026-09-14T12:37:36,6001429,OK,104.3
2026-09-14T12:37:41,6006759,OK,100.3
2026-09-14T12:37:47,6012524,OK,274.9
2026-09-14T12:37:53,6018258,OK,273.1
2026-09-14T12:37:59,6024004,OK,262.5
2026-09-14T12:38:05,6029923,OK,283.0
2026-09-14T12:38:11,6036234,OK,115.0
2026-09-14T12:38:16,6041659,OK,220.7
2026-09-14T12:38:22,6047544,OK,272.7
2026-09-14T12:38:28,6052931,OK,212.0
2026-09-14T12:38:34,6058810,OK,272.2
2026-09-14T12:38:40,6064761,OK,264.4
2026-09-14T12:38:46,6070848,OK,113.2
2026-09-14T12:38:51,6076992,OK,112.8
2026-09-14T12:38:57,6082567,OK,272.5
2026-09-14T12:39:03,6088506,OK,273.8
2026-09-14T12:39:09,6094449,OK,269.0
2026-09-14T12:39:15,6099875,OK,168.0
2026-09-14T12:39:21,6105709,OK,276.4
2026-09-14T12:39:26,6111807,OK,115.8
2026-09-14T12:39:32,6117025,OK,221.4
2026-09-14T12:39:38,6122913,OK,273.3
2026-09-14T12:39:44,6128853,OK,270.9
2026-09-14T12:39:49,6134957,OK,107.9
2026-09-14T12:39:55,6140181,OK,205.9
2026-09-14T12:40:01,6146017,OK,104.4
2026-09-14T12:40:06,6151752,OK,104.1
2026-09-14T12:40:12,6157283,OK,204.8
2026-09-14T12:40:18,6163054,OK,273.1
2026-09-14T12:40:24,6168994,OK,272.9
2026-09-14T12:40:30,6174933,OK,273.0
2026-09-14T12:40:35,6180667,OK,273.4
2026-09-14T12:40:41,6186577,OK,98.3
2026-09-14T12:40:47,6192089,OK,116.6
2026-09-14T12:40:52,6197841,OK,98.3
2026-09-14T12:40:58,6203371,OK,103.2
2026-09-14T12:41:04,6209503,OK,107.8
2026-09-14T12:41:10,6215044,OK,98.9
2026-09-14T12:41:15,6220770,OK,105.0
2026-09-14T12:41:21,6226306,OK,101.6
2026-09-14T12:41:27,6232067,OK,287.0
2026-09-14T12:41:33,6238384,OK,106.4
2026-09-14T12:41:39,6244157,OK,272.5
2026-09-14T12:41:44,6250096,OK,270.5
2026-09-14T12:41:50,6255471,OK,227.7
2026-09-14T12:41:56,6261569,OK,269.1
2026-09-14T12:42:02,6267261,OK,313.5
2026-09-14T12:42:08,6273258,OK,59.5
2026-09-14T12:42:15,6278897,LOST,-1.0
2026-09-14T12:42:29,6294013,OK,666.8
2026-09-14T12:42:35,6300126,OK,121.3
2026-09-14T12:42:57,6321706,LOST,-1.0
2026-09-14T12:43:03,6328217,OK,512.9
2026-09-14T12:43:17,6342147,OK,270.8
2026-09-14T12:43:31,6355835,OK,303.7
2026-09-14T12:43:37,6362150,OK,61.4
2026-09-14T12:43:43,6367816,OK,381.3
